#
# There is insufficient memory for the Java Runtime Environment to continue.
# Native memory allocation (malloc) failed to allocate 1089936 bytes. Error detail: Chunk::new
# Possible reasons:
#   The system is out of physical RAM or swap space
#   This process is running with CompressedOops enabled, and the Java Heap may be blocking the growth of the native heap
# Possible solutions:
#   Reduce memory load on the system
#   Increase physical memory or swap space
#   Check if swap backing store is full
#   Decrease Java heap size (-Xmx/-Xms)
#   Decrease number of Java threads
#   Decrease Java thread stack sizes (-Xss)
#   Set larger code cache with -XX:ReservedCodeCacheSize=
#   JVM is running with Unscaled Compressed Oops mode in which the Java heap is
#     placed in the first 4GB address space. The Java Heap base address is the
#     maximum limit for the native heap growth. Please use -XX:HeapBaseMinAddress
#     to set the Java Heap base and to place the Java Heap above 4GB virtual address.
# This output file may be truncated or incomplete.
#
#  Out of Memory Error (arena.cpp:168), pid=24304, tid=14492
#
# JRE version: OpenJDK Runtime Environment Temurin-21.0.12.1+1 (21.0.12.1+1) (build 21.0.12.1+1-LTS)
# Java VM: OpenJDK 64-Bit Server VM Temurin-21.0.12.1+1 (21.0.12.1+1-LTS, mixed mode, sharing, tiered, compressed oops, compressed class ptrs, parallel gc, windows-amd64)
# No core dump will be written. Minidumps are not enabled by default on client versions of Windows
#

---------------  S U M M A R Y ------------

Command Line: --add-modules=ALL-SYSTEM --add-opens=java.base/java.util=ALL-UNNAMED --add-opens=java.base/java.lang=ALL-UNNAMED --add-opens=java.base/sun.nio.fs=ALL-UNNAMED -Declipse.application=org.eclipse.jdt.ls.core.id1 -Dosgi.bundles.defaultStartLevel=4 -Declipse.product=org.eclipse.jdt.ls.core.product -Djava.import.generatesMetadataFilesAtProjectRoot=false -Dm2e.project.cache.size=50 -DDetectVMInstallationsJob.disabled=true -Dfile.encoding=utf8 -XX:+UseParallelGC -XX:GCTimeRatio=4 -XX:AdaptiveSizePolicyWeight=90 -Dsun.zip.disableMemoryMapping=true -Xmx2G -Xms100m -Xlog:disable -javaagent:c:\Users\hp\.vscode\extensions\redhat.java-1.56.0-win32-x64\lombok\lombok-1.18.39-4050.jar -XX:+HeapDumpOnOutOfMemoryError -XX:HeapDumpPath=c:\Users\hp\AppData\Roaming\Code\User\workspaceStorage\21dcb944d3f7ca04e97eec63120bd887\redhat.java -Daether.dependencyCollector.impl=bf c:\Users\hp\.vscode\extensions\redhat.java-1.56.0-win32-x64\server\plugins\org.eclipse.equinox.launcher_1.8.0.v20260804-1928.jar -configuration c:\Users\hp\AppData\Roaming\Code\User\globalStorage\redhat.java\1.56.0\config_win -data c:\Users\hp\AppData\Roaming\Code\User\workspaceStorage\21dcb944d3f7ca04e97eec63120bd887\redhat.java\jdt_ws --stdio

Host: Intel(R) Core(TM) i5-8350U CPU @ 1.70GHz, 8 cores, 15G,  Windows 11 , 64 bit Build 26100 (10.0.26100.8875)
Time: Sat Oct  3 20:01:18 2026 Maroc elapsed time: 2028.970643 seconds (0d 0h 33m 48s)

---------------  T H R E A D  ---------------

Current thread (0x0000020425f2b060):  JavaThread "C2 CompilerThread0" daemon [_thread_in_native, id=14492, stack(0x0000005d10b00000,0x0000005d10c00000) (1024K)]


Current CompileTask:
C2:2028970 19751       4       com.esotericsoftware.kryo.io.Input::readUtf8 (90 bytes)

Stack: [0x0000005d10b00000,0x0000005d10c00000]
Native frames: (J=compiled Java code, j=interpreted, Vv=VM code, C=native code)
V  [jvm.dll+0x6d83e9]
V  [jvm.dll+0x8b5736]
V  [jvm.dll+0x8b7cee]
V  [jvm.dll+0x8b83d3]
V  [jvm.dll+0x284596]
V  [jvm.dll+0xc685d]
V  [jvm.dll+0xc6da1]
V  [jvm.dll+0x3bf151]
V  [jvm.dll+0x1e4149]
V  [jvm.dll+0x24c853]
V  [jvm.dll+0x24bce0]
V  [jvm.dll+0x1cb4ae]
V  [jvm.dll+0x25baad]
V  [jvm.dll+0x25a03a]
V  [jvm.dll+0x3f8aae]
V  [jvm.dll+0x8600cd]
V  [jvm.dll+0x6d6c1d]
C  [ucrtbase.dll+0x2cd30]
C  [KERNEL32.DLL+0x2e957]
C  [ntdll.dll+0xaad6c]


---------------  P R O C E S S  ---------------

Threads class SMR info:
_java_thread_list=0x0000020407f0c6e0, length=312, elements={
0x0000020425fb0660, 0x0000020425f1a670, 0x0000020425f1cbb0, 0x0000020425f22cf0,
0x0000020425f24760, 0x0000020425f28730, 0x0000020425f292c0, 0x0000020425f2b060,
0x0000020425f4c6e0, 0x000002047f395b30, 0x000002047f474f70, 0x000002047f93a670,
0x000002047fd2da50, 0x000002047fd2d3c0, 0x000002047fd2cd30, 0x000002047fd2e0e0,
0x000002047fd2f490, 0x000002047fd2fb20, 0x000002047fd301b0, 0x000002047fd2e770,
0x000002047fd2ee00, 0x000002047fc88490, 0x000002047fc89840, 0x000002047fc8a560,
0x0000020404040080, 0x0000020404040da0, 0x0000020405628ce0, 0x0000020405627fc0,
0x0000020405625860, 0x0000020405629370, 0x0000020405626580, 0x000002040562a090,
0x000002040562a720, 0x00000204056251d0, 0x000002040562b440, 0x000002040562adb0,
0x000002040562bad0, 0x0000020404040710, 0x0000020404043b90, 0x00000204040448b0,
0x0000020404044220, 0x0000020404045c60, 0x00000204040462f0, 0x000002047fc8abf0,
0x0000020411158bb0, 0x0000020411157e90, 0x00000204111598d0, 0x000002041115b9a0,
0x000002041115a5f0, 0x000002040579ecc0, 0x00000204057a2140, 0x00000204057a2e60,
0x00000204057a3b80, 0x00000204057a5c50, 0x0000020411157170, 0x000002041115ac80,
0x0000020405625ef0, 0x0000020405dbc270, 0x0000020405dbe9d0, 0x0000020405dc0410,
0x0000020405dc24e0, 0x000002040783db80, 0x000002040783bab0, 0x0000020407840970,
0x0000020404416970, 0x0000020404417000, 0x0000020404418a40, 0x00000204044190d0,
0x0000020404417690, 0x0000020405dbb550, 0x000002040783d4f0, 0x0000020405dbcf90,
0x0000020411a06050, 0x0000020411a094d0, 0x0000020411a06d70, 0x0000020411a0b5a0,
0x0000020411a0cfe0, 0x0000020404419760, 0x0000020407f3a3a0, 0x0000020407f38ff0,
0x0000020407f3aa30, 0x0000020407f38960, 0x0000020407f3c470, 0x0000020407f3d190,
0x0000020407f3b0c0, 0x0000020407f40610, 0x0000020407f3f8f0, 0x0000020407f419c0,
0x0000020407f454d0, 0x0000020407f43400, 0x0000020407f475a0, 0x0000020407f39d10,
0x0000020407f39680, 0x0000020407f45b60, 0x0000020407f3ff80, 0x0000020407f3cb00,
0x0000020407f46880, 0x0000020407f447b0, 0x0000020405dbd620, 0x00000204111550a0,
0x0000020411159240, 0x0000020411a0c2c0, 0x0000020411a0a880, 0x000002040783e8a0,
0x0000020411157800, 0x00000204057a55c0, 0x00000204056244b0, 0x00000204170121b0,
0x0000020417012ed0, 0x0000020417014280, 0x0000020417017700, 0x0000020417015cc0,
0x0000020417016350, 0x00000204170169e0, 0x0000020417018420, 0x0000020417014fa0,
0x0000020417018ab0, 0x000002041701b8a0, 0x000002041701a4f0, 0x000002041701ab80,
0x000002041701cc50, 0x000002041701d970, 0x000002041701f3b0, 0x000002041701c5c0,
0x000002041701e690, 0x000002040783c7d0, 0x000002040783a700, 0x0000020407f47c30,
0x0000020417017070, 0x000002040579f350, 0x0000020411a087b0, 0x0000020411a066e0,
0x0000020407f44e40, 0x000002041701ed20, 0x000002040783ce60, 0x000002041115b310,
0x0000020407f44120, 0x0000020411a0c950, 0x0000020407f46f10, 0x0000020407f43a90,
0x0000020405dc1130, 0x0000020405dc1e50, 0x0000020411a08e40, 0x000002041b197520,
0x000002041b199c80, 0x000002041b19a9a0, 0x000002041b19d100, 0x000002041b19c3e0,
0x000002041b1a12a0, 0x000002041b1a1fc0, 0x000002041b1a0c10, 0x000002041b19f1d0,
0x000002041b19f860, 0x000002041b1a4090, 0x000002041b1a3a00, 0x000002041b1a4db0,
0x0000020417013560, 0x0000020417012840, 0x0000020417013bf0, 0x000002041701b210,
0x000002041b198240, 0x000002041b1a2ce0, 0x0000020407f3deb0, 0x0000020407f42d70,
0x0000020405dbe340, 0x0000020405dbfd80, 0x000002040579f9e0, 0x00000204057a34f0,
0x00000204057a4210, 0x0000020417011b20, 0x0000020411156450, 0x000002041b19eb40,
0x000002041b1a1930, 0x0000020405dbf060, 0x0000020417010770, 0x0000020417019140,
0x0000020407f3ebd0, 0x0000020407f3b750, 0x0000020411155dc0, 0x000002041b1a0580,
0x000002040783e210, 0x0000020404042e70, 0x000002041d67ccd0, 0x000002041d67c640,
0x000002041d67e080, 0x000002041d67bfb0, 0x000002041d67e710, 0x000002041d67fac0,
0x000002041d680150, 0x000002041d682f40, 0x000002041d67f430, 0x000002041d6835d0,
0x000002041d685010, 0x000002041d681b90, 0x000002041d6828b0, 0x000002041d67d9f0,
0x000002041d6891b0, 0x000002041d688490, 0x000002041d6863c0, 0x000002041d68a560,
0x000002041b19bd50, 0x000002041b196e90, 0x000002041b19de20, 0x000002041b19e4b0,
0x000002040783f5c0, 0x0000020407841000, 0x0000020407841690, 0x00000204057a27d0,
0x0000020411158520, 0x000002041115c030, 0x0000020411a09b60, 0x0000020411a0bc30,
0x000002047fc8b280, 0x00000204057a0070, 0x0000020407f3f260, 0x000002041d685d30,
0x000002040783a070, 0x000002041d680e70, 0x0000020411155730, 0x000002047fc891b0,
0x0000020405dbf6f0, 0x0000020407f461f0, 0x000002041ea90ec0, 0x000002041ea92270,
0x000002041ea91be0, 0x000002041ea92f90, 0x000002041ea8edf0, 0x000002041ea90830,
0x000002041ea901a0, 0x000002041ea91550, 0x000002041ea8f480, 0x000002041ea949d0,
0x000002041ea96aa0, 0x000002041ea95060, 0x000002041ea956f0, 0x000002041ea97e50,
0x000002041ea99200, 0x000002041ea97130, 0x000002041ea9cd10, 0x000002041ea99f20,
0x000002041ea9b2d0, 0x000002041ea93620, 0x000002041ea9d3a0, 0x000002041ea9a5b0,
0x000002041ea94340, 0x000002041ea977c0, 0x000002041ea9e0c0, 0x000002041ea9bff0,
0x000002041ea9ede0, 0x000002041ea9e750, 0x000002041ea99890, 0x000002041eaa2260,
0x000002041ea9c680, 0x000002041eaa0190, 0x000002041eaa3ca0, 0x000002041eaa6a90,
0x000002041eaa77b0, 0x000002041eaa6400, 0x000002041ea8e0d0, 0x000002041eaa4330,
0x000002041ea98b70, 0x000002041ea9ac40, 0x000002041ea9fb00, 0x000002041eaa2f80,
0x000002041eaaac30, 0x000002041eaa0eb0, 0x000002041eaab2c0, 0x000002041ea93cb0,
0x000002041ea8e760, 0x000002041ea9b960, 0x000002041eaa1540, 0x000002041d67d360,
0x000002041d681500, 0x000002041d67eda0, 0x000002041d6807e0, 0x000002041d688b20,
0x000002041d686a50, 0x000002041d6842f0, 0x000002041d6856a0, 0x000002041d684980,
0x000002041d689ed0, 0x000002041ea984e0, 0x000002041ea95d80, 0x000002041ea9da30,
0x000002041eaa28f0, 0x000002041eaa1bd0, 0x000002041eaa3610, 0x000002041eaa7e40,
0x000002041eaa49c0, 0x000002041eaa5050, 0x000002041ea92900, 0x000002041ea9f470,
0x000002041eaa7120, 0x000002041eaa5d70, 0x000002041eaaa5a0, 0x000002041eaab950,
0x000002041eaa9880, 0x000002041eaa84d0, 0x000002041eaac670, 0x000002041eaa0820,
0x000002041eaa8b60, 0x000002041eaacd00, 0x000002041eaa56e0, 0x000002041b198f60,
0x000002041b1995f0, 0x000002041b197bb0, 0x000002041b19ca70, 0x000002041b19b6c0,
0x000002041b196170, 0x000002041b1988d0, 0x000002041b19a310, 0x000002041b196800
}

Java Threads: ( => current thread )
  0x0000020425fb0660 JavaThread "main"                              [_thread_blocked, id=15048, stack(0x0000005d10100000,0x0000005d10200000) (1024K)]
  0x0000020425f1a670 JavaThread "Reference Handler"          daemon [_thread_blocked, id=15484, stack(0x0000005d10500000,0x0000005d10600000) (1024K)]
  0x0000020425f1cbb0 JavaThread "Finalizer"                  daemon [_thread_blocked, id=12044, stack(0x0000005d10600000,0x0000005d10700000) (1024K)]
  0x0000020425f22cf0 JavaThread "Signal Dispatcher"          daemon [_thread_blocked, id=2504, stack(0x0000005d10700000,0x0000005d10800000) (1024K)]
  0x0000020425f24760 JavaThread "Attach Listener"            daemon [_thread_blocked, id=24716, stack(0x0000005d10800000,0x0000005d10900000) (1024K)]
  0x0000020425f28730 JavaThread "Service Thread"             daemon [_thread_blocked, id=11368, stack(0x0000005d10900000,0x0000005d10a00000) (1024K)]
  0x0000020425f292c0 JavaThread "Monitor Deflation Thread"   daemon [_thread_blocked, id=21088, stack(0x0000005d10a00000,0x0000005d10b00000) (1024K)]
=>0x0000020425f2b060 JavaThread "C2 CompilerThread0"         daemon [_thread_in_native, id=14492, stack(0x0000005d10b00000,0x0000005d10c00000) (1024K)]
  0x0000020425f4c6e0 JavaThread "C1 CompilerThread0"         daemon [_thread_in_vm, id=24344, stack(0x0000005d10c00000,0x0000005d10d00000) (1024K)]
  0x000002047f395b30 JavaThread "Common-Cleaner"             daemon [_thread_blocked, id=23844, stack(0x0000005d10d00000,0x0000005d10e00000) (1024K)]
  0x000002047f474f70 JavaThread "Notification Thread"        daemon [_thread_blocked, id=4900, stack(0x0000005d10e00000,0x0000005d10f00000) (1024K)]
  0x000002047f93a670 JavaThread "Active Thread: Equinox Container: 3c91afe2-d255-44ee-a802-78d8871d7535"        [_thread_blocked, id=9124, stack(0x0000005d11b00000,0x0000005d11c00000) (1024K)]
  0x000002047fd2da50 JavaThread "Framework Event Dispatcher: Equinox Container: 3c91afe2-d255-44ee-a802-78d8871d7535" daemon [_thread_blocked, id=13284, stack(0x0000005d11c00000,0x0000005d11d00000) (1024K)]
  0x000002047fd2d3c0 JavaThread "Start Level: Equinox Container: 3c91afe2-d255-44ee-a802-78d8871d7535" daemon [_thread_blocked, id=24260, stack(0x0000005d11d00000,0x0000005d11e00000) (1024K)]
  0x000002047fd2cd30 JavaThread "Bundle File Closer"         daemon [_thread_blocked, id=21528, stack(0x0000005d12000000,0x0000005d12100000) (1024K)]
  0x000002047fd2e0e0 JavaThread "Refresh Thread: Equinox Container: 3c91afe2-d255-44ee-a802-78d8871d7535" daemon [_thread_blocked, id=15640, stack(0x0000005d12100000,0x0000005d12200000) (1024K)]
  0x000002047fd2f490 JavaThread "SCR Component Actor"        daemon [_thread_blocked, id=2464, stack(0x0000005d12400000,0x0000005d12500000) (1024K)]
  0x000002047fd2fb20 JavaThread "Worker-JM"                         [_thread_blocked, id=22048, stack(0x0000005d11f00000,0x0000005d12000000) (1024K)]
  0x000002047fd301b0 JavaThread "JNA Cleaner"                daemon [_thread_blocked, id=25816, stack(0x0000005d12700000,0x0000005d12800000) (1024K)]
  0x000002047fd2e770 JavaThread "Worker-0: Initialize workspace"        [_thread_blocked, id=17952, stack(0x0000005d10f00000,0x0000005d11000000) (1024K)]
  0x000002047fd2ee00 JavaThread "Worker-1: Initialize workspace"        [_thread_blocked, id=26436, stack(0x0000005d11000000,0x0000005d11100000) (1024K)]
  0x000002047fc88490 JavaThread "Java indexing"              daemon [_thread_blocked, id=16976, stack(0x0000005d11a00000,0x0000005d11b00000) (1024K)]
  0x000002047fc89840 JavaThread "Worker-3: Initialize workspace"        [_thread_blocked, id=11720, stack(0x0000005d12300000,0x0000005d12400000) (1024K)]
  0x000002047fc8a560 JavaThread "pool-2-thread-1"                   [_thread_blocked, id=22292, stack(0x0000005d12600000,0x0000005d12700000) (1024K)]
  0x0000020404040080 JavaThread "WorkspaceEventsHandler"            [_thread_blocked, id=17752, stack(0x0000005d12b00000,0x0000005d12c00000) (1024K)]
  0x0000020404040da0 JavaThread "pool-1-thread-1"                   [_thread_blocked, id=19132, stack(0x0000005d12c00000,0x0000005d12d00000) (1024K)]
  0x0000020405628ce0 JavaThread "Worker-6: Initialize workspace"        [_thread_blocked, id=15844, stack(0x0000005d12900000,0x0000005d12a00000) (1024K)]
  0x0000020405627fc0 JavaThread "Worker-7: Initialize workspace"        [_thread_blocked, id=26332, stack(0x0000005d12a00000,0x0000005d12b00000) (1024K)]
  0x0000020405625860 JavaThread "Worker-8: Initialize workspace"        [_thread_blocked, id=25020, stack(0x0000005d12d00000,0x0000005d12e00000) (1024K)]
  0x0000020405629370 JavaThread "Worker-9: Initialize workspace"        [_thread_blocked, id=18860, stack(0x0000005d12e00000,0x0000005d12f00000) (1024K)]
  0x0000020405626580 JavaThread "Timer-0"                           [_thread_blocked, id=9188, stack(0x0000005d0ff00000,0x0000005d10000000) (1024K)]
  0x000002040562a090 JavaThread "Timer-1"                           [_thread_blocked, id=8232, stack(0x0000005d0fe00000,0x0000005d0ff00000) (1024K)]
  0x000002040562a720 JavaThread "Timer-2"                           [_thread_blocked, id=16352, stack(0x0000005d12800000,0x0000005d12900000) (1024K)]
  0x00000204056251d0 JavaThread "PatternSearchJob-worker-1"  daemon [_thread_blocked, id=23928, stack(0x0000005d12f00000,0x0000005d13000000) (1024K)]
  0x000002040562b440 JavaThread "PatternSearchJob-worker-3"  daemon [_thread_blocked, id=11900, stack(0x0000005d13000000,0x0000005d13100000) (1024K)]
  0x000002040562adb0 JavaThread "PatternSearchJob-worker-2"  daemon [_thread_blocked, id=22072, stack(0x0000005d13100000,0x0000005d13200000) (1024K)]
  0x000002040562bad0 JavaThread "PatternSearchJob-worker-4"  daemon [_thread_blocked, id=24312, stack(0x0000005d13200000,0x0000005d13300000) (1024K)]
  0x0000020404040710 JavaThread "PatternSearchJob-worker-5"  daemon [_thread_blocked, id=16112, stack(0x0000005d13300000,0x0000005d13400000) (1024K)]
  0x0000020404043b90 JavaThread "PatternSearchJob-worker-6"  daemon [_thread_blocked, id=18196, stack(0x0000005d13400000,0x0000005d13500000) (1024K)]
  0x00000204040448b0 JavaThread "PatternSearchJob-worker-7"  daemon [_thread_blocked, id=3884, stack(0x0000005d13500000,0x0000005d13600000) (1024K)]
  0x0000020404044220 JavaThread "Timer-3"                           [_thread_blocked, id=18204, stack(0x0000005d13600000,0x0000005d13700000) (1024K)]
  0x0000020404045c60 JavaThread "Timer-4"                           [_thread_blocked, id=9440, stack(0x0000005d13900000,0x0000005d13a00000) (1024K)]
  0x00000204040462f0 JavaThread "Connection worker"                 [_thread_in_native, id=12920, stack(0x0000005d13b00000,0x0000005d13c00000) (1024K)]
  0x000002047fc8abf0 JavaThread "pool-4-thread-1"                   [_thread_blocked, id=14468, stack(0x0000005d13a00000,0x0000005d13b00000) (1024K)]
  0x0000020411158bb0 JavaThread "Timer-5"                           [_thread_blocked, id=13608, stack(0x0000005d14300000,0x0000005d14400000) (1024K)]
  0x0000020411157e90 JavaThread "Worker-10: Initialize workspace"        [_thread_blocked, id=18864, stack(0x0000005d11900000,0x0000005d11a00000) (1024K)]
  0x00000204111598d0 JavaThread "Connection worker"                 [_thread_in_native, id=14812, stack(0x0000005d14b00000,0x0000005d14c00000) (1024K)]
  0x000002041115b9a0 JavaThread "pool-8-thread-1"                   [_thread_blocked, id=25460, stack(0x0000005d14a00000,0x0000005d14b00000) (1024K)]
  0x000002041115a5f0 JavaThread "Timer-6"                           [_thread_blocked, id=15448, stack(0x0000005d14d00000,0x0000005d14e00000) (1024K)]
  0x000002040579ecc0 JavaThread "Timer-7"                           [_thread_blocked, id=23580, stack(0x0000005d14100000,0x0000005d14200000) (1024K)]
  0x00000204057a2140 JavaThread "Timer-8"                           [_thread_blocked, id=22064, stack(0x0000005d13800000,0x0000005d13900000) (1024K)]
  0x00000204057a2e60 JavaThread "Worker-12: Initialize workspace"        [_thread_blocked, id=24032, stack(0x0000005d14400000,0x0000005d14500000) (1024K)]
  0x00000204057a3b80 JavaThread "Timer-9"                           [_thread_blocked, id=26936, stack(0x0000005d15100000,0x0000005d15200000) (1024K)]
  0x00000204057a5c50 JavaThread "Timer-10"                          [_thread_blocked, id=16328, stack(0x0000005d14900000,0x0000005d14a00000) (1024K)]
  0x0000020411157170 JavaThread "Worker-14: Initialize workspace"        [_thread_blocked, id=7360, stack(0x0000005d15000000,0x0000005d15100000) (1024K)]
  0x000002041115ac80 JavaThread "Timer-11"                          [_thread_blocked, id=13840, stack(0x0000005d15a00000,0x0000005d15b00000) (1024K)]
  0x0000020405625ef0 JavaThread "Timer-12"                          [_thread_blocked, id=26844, stack(0x0000005d15e00000,0x0000005d15f00000) (1024K)]
  0x0000020405dbc270 JavaThread "Timer-13"                          [_thread_blocked, id=8388, stack(0x0000005d16200000,0x0000005d16300000) (1024K)]
  0x0000020405dbe9d0 JavaThread "Timer-14"                          [_thread_blocked, id=25612, stack(0x0000005d16800000,0x0000005d16900000) (1024K)]
  0x0000020405dc0410 JavaThread "Timer-15"                          [_thread_blocked, id=27888, stack(0x0000005d16d00000,0x0000005d16e00000) (1024K)]
  0x0000020405dc24e0 JavaThread "Timer-16"                          [_thread_blocked, id=28440, stack(0x0000005d17200000,0x0000005d17300000) (1024K)]
  0x000002040783db80 JavaThread "Timer-17"                          [_thread_blocked, id=3984, stack(0x0000005d17900000,0x0000005d17a00000) (1024K)]
  0x000002040783bab0 JavaThread "Timer-18"                          [_thread_blocked, id=18512, stack(0x0000005d17e00000,0x0000005d17f00000) (1024K)]
  0x0000020407840970 JavaThread "Timer-19"                          [_thread_blocked, id=30140, stack(0x0000005d16300000,0x0000005d16400000) (1024K)]
  0x0000020404416970 JavaThread "Timer-20"                          [_thread_blocked, id=29988, stack(0x0000005d18700000,0x0000005d18800000) (1024K)]
  0x0000020404417000 JavaThread "Worker-24: Initialize workspace"        [_thread_blocked, id=28788, stack(0x0000005d18500000,0x0000005d18600000) (1024K)]
  0x0000020404418a40 JavaThread "Timer-21"                          [_thread_blocked, id=30272, stack(0x0000005d18a00000,0x0000005d18b00000) (1024K)]
  0x00000204044190d0 JavaThread "Worker-25: Initialize workspace"        [_thread_blocked, id=28508, stack(0x0000005d18c00000,0x0000005d18d00000) (1024K)]
  0x0000020404417690 JavaThread "Connection worker"                 [_thread_in_native, id=31228, stack(0x0000005d15400000,0x0000005d15500000) (1024K)]
  0x0000020405dbb550 JavaThread "pool-24-thread-1"                  [_thread_blocked, id=31264, stack(0x0000005d16700000,0x0000005d16800000) (1024K)]
  0x000002040783d4f0 JavaThread "Timer-22"                          [_thread_blocked, id=31308, stack(0x0000005d16e00000,0x0000005d16f00000) (1024K)]
  0x0000020405dbcf90 JavaThread "Timer-23"                          [_thread_blocked, id=32584, stack(0x0000005d18e00000,0x0000005d18f00000) (1024K)]
  0x0000020411a06050 JavaThread "Timer-24"                          [_thread_blocked, id=31540, stack(0x0000005d19100000,0x0000005d19200000) (1024K)]
  0x0000020411a094d0 JavaThread "Timer-25"                          [_thread_blocked, id=33648, stack(0x0000005d19300000,0x0000005d19400000) (1024K)]
  0x0000020411a06d70 JavaThread "Timer-26"                          [_thread_blocked, id=27676, stack(0x0000005d17600000,0x0000005d17700000) (1024K)]
  0x0000020411a0b5a0 JavaThread "Worker-30: Initialize workspace"        [_thread_blocked, id=33516, stack(0x0000005d19600000,0x0000005d19700000) (1024K)]
  0x0000020411a0cfe0 JavaThread "Worker-31: Initialize workspace"        [_thread_blocked, id=700, stack(0x0000005d19800000,0x0000005d19900000) (1024K)]
  0x0000020404419760 JavaThread "Timer-27"                          [_thread_blocked, id=31132, stack(0x0000005d19d00000,0x0000005d19e00000) (1024K)]
  0x0000020407f3a3a0 JavaThread "Timer-28"                          [_thread_blocked, id=27780, stack(0x0000005d1a400000,0x0000005d1a500000) (1024K)]
  0x0000020407f38ff0 JavaThread "Worker-32: Initialize workspace"        [_thread_blocked, id=11868, stack(0x0000005d1a200000,0x0000005d1a300000) (1024K)]
  0x0000020407f3aa30 JavaThread "Timer-29"                          [_thread_blocked, id=31648, stack(0x0000005d1a800000,0x0000005d1a900000) (1024K)]
  0x0000020407f38960 JavaThread "Worker-33: Initialize workspace"        [_thread_blocked, id=30524, stack(0x0000005d1a900000,0x0000005d1aa00000) (1024K)]
  0x0000020407f3c470 JavaThread "Timer-30"                          [_thread_blocked, id=27880, stack(0x0000005d19200000,0x0000005d19300000) (1024K)]
  0x0000020407f3d190 JavaThread "Worker-34: Initialize workspace"        [_thread_blocked, id=28676, stack(0x0000005d1aa00000,0x0000005d1ab00000) (1024K)]
  0x0000020407f3b0c0 JavaThread "Timer-31"                          [_thread_blocked, id=34368, stack(0x0000005d1ae00000,0x0000005d1af00000) (1024K)]
  0x0000020407f40610 JavaThread "Timer-32"                          [_thread_blocked, id=28996, stack(0x0000005d1b300000,0x0000005d1b400000) (1024K)]
  0x0000020407f3f8f0 JavaThread "Worker-37: Initialize workspace"        [_thread_blocked, id=30168, stack(0x0000005d18d00000,0x0000005d18e00000) (1024K)]
  0x0000020407f419c0 JavaThread "Connection worker"                 [_thread_in_native, id=33240, stack(0x0000005d1ba00000,0x0000005d1bb00000) (1024K)]
  0x0000020407f454d0 JavaThread "pool-35-thread-1"                  [_thread_blocked, id=33192, stack(0x0000005d1bb00000,0x0000005d1bc00000) (1024K)]
  0x0000020407f43400 JavaThread "Timer-33"                          [_thread_blocked, id=28008, stack(0x0000005d1bd00000,0x0000005d1be00000) (1024K)]
  0x0000020407f475a0 JavaThread "Timer-34"                          [_thread_blocked, id=36356, stack(0x0000005d17000000,0x0000005d17100000) (1024K)]
  0x0000020407f39d10 JavaThread "Timer-35"                          [_thread_blocked, id=29624, stack(0x0000005d19c00000,0x0000005d19d00000) (1024K)]
  0x0000020407f39680 JavaThread "Worker-39: Initialize workspace"        [_thread_blocked, id=33896, stack(0x0000005d1a000000,0x0000005d1a100000) (1024K)]
  0x0000020407f45b60 JavaThread "Timer-36"                          [_thread_blocked, id=36672, stack(0x0000005d1a300000,0x0000005d1a400000) (1024K)]
  0x0000020407f3ff80 JavaThread "Timer-37"                          [_thread_blocked, id=37056, stack(0x0000005d19700000,0x0000005d19800000) (1024K)]
  0x0000020407f3cb00 JavaThread "Worker-41: Initialize workspace"        [_thread_blocked, id=37568, stack(0x0000005d16500000,0x0000005d16600000) (1024K)]
  0x0000020407f46880 JavaThread "Connection worker"                 [_thread_in_native, id=37308, stack(0x0000005d1a100000,0x0000005d1a200000) (1024K)]
  0x0000020407f447b0 JavaThread "pool-40-thread-1"                  [_thread_blocked, id=31436, stack(0x0000005d1a700000,0x0000005d1a800000) (1024K)]
  0x0000020405dbd620 JavaThread "Timer-38"                          [_thread_blocked, id=34748, stack(0x0000005d1af00000,0x0000005d1b000000) (1024K)]
  0x00000204111550a0 JavaThread "Timer-39"                          [_thread_blocked, id=38356, stack(0x0000005d1b600000,0x0000005d1b700000) (1024K)]
  0x0000020411159240 JavaThread "Connection worker"                 [_thread_in_native, id=38816, stack(0x0000005d14200000,0x0000005d14300000) (1024K)]
  0x0000020411a0c2c0 JavaThread "pool-42-thread-1"                  [_thread_blocked, id=35296, stack(0x0000005d1b900000,0x0000005d1ba00000) (1024K)]
  0x0000020411a0a880 JavaThread "Timer-40"                          [_thread_blocked, id=5552, stack(0x0000005d1b500000,0x0000005d1b600000) (1024K)]
  0x000002040783e8a0 JavaThread "Timer-41"                          [_thread_blocked, id=32848, stack(0x0000005d1be00000,0x0000005d1bf00000) (1024K)]
  0x0000020411157800 JavaThread "Worker-43: Initialize workspace"        [_thread_blocked, id=2004, stack(0x0000005d1c000000,0x0000005d1c100000) (1024K)]
  0x00000204057a55c0 JavaThread "Timer-42"                          [_thread_blocked, id=39804, stack(0x0000005d1c300000,0x0000005d1c400000) (1024K)]
  0x00000204056244b0 JavaThread "Worker-44: Initialize workspace"        [_thread_blocked, id=39828, stack(0x0000005d1c500000,0x0000005d1c600000) (1024K)]
  0x00000204170121b0 JavaThread "Timer-43"                          [_thread_blocked, id=37728, stack(0x0000005d1c900000,0x0000005d1ca00000) (1024K)]
  0x0000020417012ed0 JavaThread "Worker-45: Initialize workspace"        [_thread_blocked, id=30148, stack(0x0000005d1cb00000,0x0000005d1cc00000) (1024K)]
  0x0000020417014280 JavaThread "Timer-44"                          [_thread_blocked, id=36540, stack(0x0000005d18600000,0x0000005d18700000) (1024K)]
  0x0000020417017700 JavaThread "Connection worker"                 [_thread_in_native, id=39076, stack(0x0000005d18400000,0x0000005d18500000) (1024K)]
  0x0000020417015cc0 JavaThread "pool-46-thread-1"                  [_thread_blocked, id=39400, stack(0x0000005d18f00000,0x0000005d19000000) (1024K)]
  0x0000020417016350 JavaThread "Connection worker"                 [_thread_in_native, id=33692, stack(0x0000005d1a500000,0x0000005d1a600000) (1024K)]
  0x00000204170169e0 JavaThread "pool-47-thread-1"                  [_thread_blocked, id=37696, stack(0x0000005d1b700000,0x0000005d1b800000) (1024K)]
  0x0000020417018420 JavaThread "Timer-45"                          [_thread_blocked, id=32232, stack(0x0000005d1bf00000,0x0000005d1c000000) (1024K)]
  0x0000020417014fa0 JavaThread "Worker-46: Initialize workspace"        [_thread_blocked, id=31620, stack(0x0000005d1c200000,0x0000005d1c300000) (1024K)]
  0x0000020417018ab0 JavaThread "Worker-47: Initialize workspace"        [_thread_blocked, id=29784, stack(0x0000005d1c400000,0x0000005d1c500000) (1024K)]
  0x000002041701b8a0 JavaThread "Timer-46"                          [_thread_blocked, id=40076, stack(0x0000005d1ca00000,0x0000005d1cb00000) (1024K)]
  0x000002041701a4f0 JavaThread "Timer-47"                          [_thread_blocked, id=40644, stack(0x0000005d1cd00000,0x0000005d1ce00000) (1024K)]
  0x000002041701ab80 JavaThread "Worker-48: Initialize workspace"        [_thread_blocked, id=40680, stack(0x0000005d1ce00000,0x0000005d1cf00000) (1024K)]
  0x000002041701cc50 JavaThread "Timer-48"                          [_thread_blocked, id=33992, stack(0x0000005d1cf00000,0x0000005d1d000000) (1024K)]
  0x000002041701d970 JavaThread "Timer-49"                          [_thread_blocked, id=30136, stack(0x0000005d1d400000,0x0000005d1d500000) (1024K)]
  0x000002041701f3b0 JavaThread "Worker-50: Initialize workspace"        [_thread_blocked, id=36440, stack(0x0000005d1d700000,0x0000005d1d800000) (1024K)]
  0x000002041701c5c0 JavaThread "Timer-50"                          [_thread_blocked, id=36824, stack(0x0000005d1d800000,0x0000005d1d900000) (1024K)]
  0x000002041701e690 JavaThread "Worker-51: Initialize workspace"        [_thread_blocked, id=35212, stack(0x0000005d1da00000,0x0000005d1db00000) (1024K)]
  0x000002040783c7d0 JavaThread "Timer-51"                          [_thread_blocked, id=38600, stack(0x0000005d1d600000,0x0000005d1d700000) (1024K)]
  0x000002040783a700 JavaThread "Worker-53: Initialize workspace"        [_thread_blocked, id=14404, stack(0x0000005d1d900000,0x0000005d1da00000) (1024K)]
  0x0000020407f47c30 JavaThread "Timer-52"                          [_thread_blocked, id=28088, stack(0x0000005d16c00000,0x0000005d16d00000) (1024K)]
  0x0000020417017070 JavaThread "Timer-53"                          [_thread_blocked, id=27900, stack(0x0000005d18100000,0x0000005d18200000) (1024K)]
  0x000002040579f350 JavaThread "Timer-54"                          [_thread_blocked, id=38148, stack(0x0000005d19f00000,0x0000005d1a000000) (1024K)]
  0x0000020411a087b0 JavaThread "Timer-55"                          [_thread_blocked, id=40224, stack(0x0000005d1dc00000,0x0000005d1dd00000) (1024K)]
  0x0000020411a066e0 JavaThread "Worker-54: Initialize workspace"        [_thread_blocked, id=32900, stack(0x0000005d1dd00000,0x0000005d1de00000) (1024K)]
  0x0000020407f44e40 JavaThread "Timer-56"                          [_thread_blocked, id=28048, stack(0x0000005d1df00000,0x0000005d1e000000) (1024K)]
  0x000002041701ed20 JavaThread "Timer-57"                          [_thread_blocked, id=33344, stack(0x0000005d1e200000,0x0000005d1e300000) (1024K)]
  0x000002040783ce60 JavaThread "Timer-58"                          [_thread_blocked, id=16836, stack(0x0000005d1e000000,0x0000005d1e100000) (1024K)]
  0x000002041115b310 JavaThread "Timer-59"                          [_thread_blocked, id=34432, stack(0x0000005d1e400000,0x0000005d1e500000) (1024K)]
  0x0000020407f44120 JavaThread "Timer-60"                          [_thread_blocked, id=39056, stack(0x0000005d16600000,0x0000005d16700000) (1024K)]
  0x0000020411a0c950 JavaThread "Timer-61"                          [_thread_blocked, id=32708, stack(0x0000005d1e700000,0x0000005d1e800000) (1024K)]
  0x0000020407f46f10 JavaThread "Timer-62"                          [_thread_blocked, id=37476, stack(0x0000005d15d00000,0x0000005d15e00000) (1024K)]
  0x0000020407f43a90 JavaThread "Timer-63"                          [_thread_blocked, id=25812, stack(0x0000005d15b00000,0x0000005d15c00000) (1024K)]
  0x0000020405dc1130 JavaThread "Connection worker"                 [_thread_in_native, id=8668, stack(0x0000005d19b00000,0x0000005d19c00000) (1024K)]
  0x0000020405dc1e50 JavaThread "pool-66-thread-1"                  [_thread_blocked, id=39716, stack(0x0000005d19e00000,0x0000005d19f00000) (1024K)]
  0x0000020411a08e40 JavaThread "Timer-64"                          [_thread_blocked, id=36388, stack(0x0000005d1e800000,0x0000005d1e900000) (1024K)]
  0x000002041b197520 JavaThread "Timer-65"                          [_thread_blocked, id=15988, stack(0x0000005d1ec00000,0x0000005d1ed00000) (1024K)]
  0x000002041b199c80 JavaThread "Timer-66"                          [_thread_blocked, id=39708, stack(0x0000005d1f100000,0x0000005d1f200000) (1024K)]
  0x000002041b19a9a0 JavaThread "Timer-67"                          [_thread_blocked, id=27828, stack(0x0000005d1eb00000,0x0000005d1ec00000) (1024K)]
  0x000002041b19d100 JavaThread "Timer-68"                          [_thread_blocked, id=38592, stack(0x0000005d1f500000,0x0000005d1f600000) (1024K)]
  0x000002041b19c3e0 JavaThread "Worker-66: Initialize workspace"        [_thread_blocked, id=11732, stack(0x0000005d16100000,0x0000005d16200000) (1024K)]
  0x000002041b1a12a0 JavaThread "Timer-69"                          [_thread_blocked, id=32896, stack(0x0000005d18200000,0x0000005d18300000) (1024K)]
  0x000002041b1a1fc0 JavaThread "Connection worker"                 [_thread_in_native, id=37756, stack(0x0000005d15f00000,0x0000005d16000000) (1024K)]
  0x000002041b1a0c10 JavaThread "Connection worker"                 [_thread_in_native, id=38304, stack(0x0000005d16000000,0x0000005d16100000) (1024K)]
  0x000002041b19f1d0 JavaThread "pool-72-thread-1"                  [_thread_blocked, id=19580, stack(0x0000005d17700000,0x0000005d17800000) (1024K)]
  0x000002041b19f860 JavaThread "Timer-70"                          [_thread_blocked, id=37148, stack(0x0000005d19000000,0x0000005d19100000) (1024K)]
  0x000002041b1a4090 JavaThread "Connection worker"                 [_thread_in_native, id=32788, stack(0x0000005d19400000,0x0000005d19500000) (1024K)]
  0x000002041b1a3a00 JavaThread "pool-73-thread-1"                  [_thread_blocked, id=31388, stack(0x0000005d1ab00000,0x0000005d1ac00000) (1024K)]
  0x000002041b1a4db0 JavaThread "Timer-71"                          [_thread_blocked, id=29164, stack(0x0000005d1b100000,0x0000005d1b200000) (1024K)]
  0x0000020417013560 JavaThread "Connection worker"                 [_thread_in_native, id=38432, stack(0x0000005d17500000,0x0000005d17600000) (1024K)]
  0x0000020417012840 JavaThread "pool-74-thread-1"                  [_thread_blocked, id=31804, stack(0x0000005d18000000,0x0000005d18100000) (1024K)]
  0x0000020417013bf0 JavaThread "Timer-72"                          [_thread_blocked, id=31212, stack(0x0000005d19500000,0x0000005d19600000) (1024K)]
  0x000002041701b210 JavaThread "Connection worker"                 [_thread_in_native, id=30320, stack(0x0000005d1b200000,0x0000005d1b300000) (1024K)]
  0x000002041b198240 JavaThread "pool-75-thread-1"                  [_thread_blocked, id=14624, stack(0x0000005d1de00000,0x0000005d1df00000) (1024K)]
  0x000002041b1a2ce0 JavaThread "Timer-73"                          [_thread_blocked, id=35988, stack(0x0000005d1e300000,0x0000005d1e400000) (1024K)]
  0x0000020407f3deb0 JavaThread "Timer-74"                          [_thread_blocked, id=32072, stack(0x0000005d1f200000,0x0000005d1f300000) (1024K)]
  0x0000020407f42d70 JavaThread "Connection worker"                 [_thread_in_native, id=14740, stack(0x0000005d1e100000,0x0000005d1e200000) (1024K)]
  0x0000020405dbe340 JavaThread "pool-77-thread-1"                  [_thread_blocked, id=36724, stack(0x0000005d1e500000,0x0000005d1e600000) (1024K)]
  0x0000020405dbfd80 JavaThread "Timer-75"                          [_thread_blocked, id=37624, stack(0x0000005d1f800000,0x0000005d1f900000) (1024K)]
  0x000002040579f9e0 JavaThread "Connection worker"                 [_thread_in_native, id=33252, stack(0x0000005d1e600000,0x0000005d1e700000) (1024K)]
  0x00000204057a34f0 JavaThread "pool-78-thread-1"                  [_thread_blocked, id=23428, stack(0x0000005d1f600000,0x0000005d1f700000) (1024K)]
  0x00000204057a4210 JavaThread "Timer-76"                          [_thread_blocked, id=40360, stack(0x0000005d1fa00000,0x0000005d1fb00000) (1024K)]
  0x0000020417011b20 JavaThread "Timer-77"                          [_thread_blocked, id=32020, stack(0x0000005d20100000,0x0000005d20200000) (1024K)]
  0x0000020411156450 JavaThread "Timer-78"                          [_thread_blocked, id=41436, stack(0x0000005d20200000,0x0000005d20300000) (1024K)]
  0x000002041b19eb40 JavaThread "Timer-79"                          [_thread_blocked, id=34832, stack(0x0000005d14700000,0x0000005d14800000) (1024K)]
  0x000002041b1a1930 JavaThread "Timer-80"                          [_thread_blocked, id=32620, stack(0x0000005d16b00000,0x0000005d16c00000) (1024K)]
  0x0000020405dbf060 JavaThread "Timer-81"                          [_thread_blocked, id=41192, stack(0x0000005d15700000,0x0000005d15800000) (1024K)]
  0x0000020417010770 JavaThread "Timer-82"                          [_thread_blocked, id=27072, stack(0x0000005d13d00000,0x0000005d13e00000) (1024K)]
  0x0000020417019140 JavaThread "Connection worker"                 [_thread_in_native, id=16176, stack(0x0000005d1d500000,0x0000005d1d600000) (1024K)]
  0x0000020407f3ebd0 JavaThread "pool-85-thread-1"                  [_thread_blocked, id=32520, stack(0x0000005d1f700000,0x0000005d1f800000) (1024K)]
  0x0000020407f3b750 JavaThread "Timer-83"                          [_thread_blocked, id=41312, stack(0x0000005d1fb00000,0x0000005d1fc00000) (1024K)]
  0x0000020411155dc0 JavaThread "Timer-84"                          [_thread_blocked, id=39544, stack(0x0000005d20300000,0x0000005d20400000) (1024K)]
  0x000002041b1a0580 JavaThread "Timer-85"                          [_thread_blocked, id=13316, stack(0x0000005d20800000,0x0000005d20900000) (1024K)]
  0x000002040783e210 JavaThread "Worker-104: Initialize workspace"        [_thread_blocked, id=30652, stack(0x0000005d17b00000,0x0000005d17c00000) (1024K)]
  0x0000020404042e70 JavaThread "Timer-86"                          [_thread_blocked, id=35332, stack(0x0000005d20d00000,0x0000005d20e00000) (1024K)]
  0x000002041d67ccd0 JavaThread "Timer-87"                          [_thread_blocked, id=32228, stack(0x0000005d1b800000,0x0000005d1b900000) (1024K)]
  0x000002041d67c640 JavaThread "Connection worker"                 [_thread_in_native, id=18572, stack(0x0000005d1c600000,0x0000005d1c700000) (1024K)]
  0x000002041d67e080 JavaThread "Worker-121: Initialize workspace"        [_thread_blocked, id=12060, stack(0x0000005d20000000,0x0000005d20100000) (1024K)]
  0x000002041d67bfb0 JavaThread "Connection worker"                 [_thread_in_native, id=34696, stack(0x0000005d20400000,0x0000005d20500000) (1024K)]
  0x000002041d67e710 JavaThread "pool-89-thread-1"                  [_thread_blocked, id=33060, stack(0x0000005d20f00000,0x0000005d21000000) (1024K)]
  0x000002041d67fac0 JavaThread "Timer-88"                          [_thread_blocked, id=16624, stack(0x0000005d21100000,0x0000005d21200000) (1024K)]
  0x000002041d680150 JavaThread "Worker-131: Initialize workspace"        [_thread_blocked, id=33684, stack(0x0000005d14500000,0x0000005d14600000) (1024K)]
  0x000002041d682f40 JavaThread "Timer-89"                          [_thread_blocked, id=27004, stack(0x0000005d14000000,0x0000005d14100000) (1024K)]
  0x000002041d67f430 JavaThread "Connection worker"                 [_thread_in_native, id=8672, stack(0x0000005d13c00000,0x0000005d13d00000) (1024K)]
  0x000002041d6835d0 JavaThread "Connection worker"                 [_thread_in_native, id=42160, stack(0x0000005d20600000,0x0000005d20700000) (1024K)]
  0x000002041d685010 JavaThread "pool-92-thread-1"                  [_thread_blocked, id=42172, stack(0x0000005d20700000,0x0000005d20800000) (1024K)]
  0x000002041d681b90 JavaThread "Timer-90"                          [_thread_blocked, id=42336, stack(0x0000005d20a00000,0x0000005d20b00000) (1024K)]
  0x000002041d6828b0 JavaThread "Timer-91"                          [_thread_blocked, id=42304, stack(0x0000005d17a00000,0x0000005d17b00000) (1024K)]
  0x000002041d67d9f0 JavaThread "Worker-174: Initialize workspace"        [_thread_blocked, id=42220, stack(0x0000005d13700000,0x0000005d13800000) (1024K)]
  0x000002041d6891b0 JavaThread "Timer-92"                          [_thread_blocked, id=25828, stack(0x0000005d19a00000,0x0000005d19b00000) (1024K)]
  0x000002041d688490 JavaThread "Worker-180: Initialize workspace"        [_thread_blocked, id=1460, stack(0x0000005d14800000,0x0000005d14900000) (1024K)]
  0x000002041d6863c0 JavaThread "Timer-93"                          [_thread_blocked, id=42700, stack(0x0000005d19900000,0x0000005d19a00000) (1024K)]
  0x000002041d68a560 JavaThread "Timer-94"                          [_thread_blocked, id=35584, stack(0x0000005d20e00000,0x0000005d20f00000) (1024K)]
  0x000002041b19bd50 JavaThread "Worker-195: Initialize workspace"        [_thread_blocked, id=39288, stack(0x0000005d11800000,0x0000005d11900000) (1024K)]
  0x000002041b196e90 JavaThread "Connection worker"                 [_thread_in_native, id=34756, stack(0x0000005d21200000,0x0000005d21300000) (1024K)]
  0x000002041b19de20 JavaThread "pool-97-thread-1"                  [_thread_blocked, id=30548, stack(0x0000005d21300000,0x0000005d21400000) (1024K)]
  0x000002041b19e4b0 JavaThread "Timer-95"                          [_thread_blocked, id=19828, stack(0x0000005d21500000,0x0000005d21600000) (1024K)]
  0x000002040783f5c0 JavaThread "Connection worker"                 [_thread_in_native, id=41712, stack(0x0000005d21000000,0x0000005d21100000) (1024K)]
  0x0000020407841000 JavaThread "pool-98-thread-1"                  [_thread_blocked, id=36008, stack(0x0000005d21800000,0x0000005d21900000) (1024K)]
  0x0000020407841690 JavaThread "Timer-96"                          [_thread_blocked, id=30664, stack(0x0000005d21900000,0x0000005d21a00000) (1024K)]
  0x00000204057a27d0 JavaThread "Worker-216: Initialize workspace"        [_thread_blocked, id=27592, stack(0x0000005d14600000,0x0000005d14700000) (1024K)]
  0x0000020411158520 JavaThread "Timer-97"                          [_thread_blocked, id=10624, stack(0x0000005d21e00000,0x0000005d21f00000) (1024K)]
  0x000002041115c030 JavaThread "Worker-227: Initialize workspace"        [_thread_blocked, id=21176, stack(0x0000005d21400000,0x0000005d21500000) (1024K)]
  0x0000020411a09b60 JavaThread "Connection worker"                 [_thread_in_native, id=26300, stack(0x0000005d22000000,0x0000005d22100000) (1024K)]
  0x0000020411a0bc30 JavaThread "pool-100-thread-1"                 [_thread_blocked, id=39964, stack(0x0000005d22100000,0x0000005d22200000) (1024K)]
  0x000002047fc8b280 JavaThread "Timer-98"                          [_thread_blocked, id=40624, stack(0x0000005d22300000,0x0000005d22400000) (1024K)]
  0x00000204057a0070 JavaThread "Timer-99"                          [_thread_blocked, id=43240, stack(0x0000005d22200000,0x0000005d22300000) (1024K)]
  0x0000020407f3f260 JavaThread "Worker-249: Initialize workspace"        [_thread_blocked, id=43584, stack(0x0000005d14e00000,0x0000005d14f00000) (1024K)]
  0x000002041d685d30 JavaThread "Timer-100"                         [_thread_blocked, id=43948, stack(0x0000005d22400000,0x0000005d22500000) (1024K)]
  0x000002040783a070 JavaThread "Worker-255: Initialize workspace"        [_thread_blocked, id=37384, stack(0x0000005d21a00000,0x0000005d21b00000) (1024K)]
  0x000002041d680e70 JavaThread "Timer-101"                         [_thread_blocked, id=27124, stack(0x0000005d1ef00000,0x0000005d1f000000) (1024K)]
  0x0000020411155730 JavaThread "Connection worker"                 [_thread_in_native, id=40972, stack(0x0000005d18b00000,0x0000005d18c00000) (1024K)]
  0x000002047fc891b0 JavaThread "Timer-102"                         [_thread_blocked, id=28428, stack(0x0000005d22e00000,0x0000005d22f00000) (1024K)]
  0x0000020405dbf6f0 JavaThread "Worker-273: Initialize workspace"        [_thread_blocked, id=40784, stack(0x0000005d22900000,0x0000005d22a00000) (1024K)]
  0x0000020407f461f0 JavaThread "Timer-103"                         [_thread_blocked, id=32160, stack(0x0000005d23100000,0x0000005d23200000) (1024K)]
  0x000002041ea90ec0 JavaThread "Timer-104"                         [_thread_blocked, id=42804, stack(0x0000005d23700000,0x0000005d23800000) (1024K)]
  0x000002041ea92270 JavaThread "Timer-105"                         [_thread_blocked, id=42024, stack(0x0000005d23000000,0x0000005d23100000) (1024K)]
  0x000002041ea91be0 JavaThread "Worker-310: Initialize workspace"        [_thread_blocked, id=24740, stack(0x0000005d21f00000,0x0000005d22000000) (1024K)]
  0x000002041ea92f90 JavaThread "Timer-106"                         [_thread_blocked, id=44636, stack(0x0000005d12500000,0x0000005d12600000) (1024K)]
  0x000002041ea8edf0 JavaThread "Worker-319: Initialize workspace"        [_thread_blocked, id=42100, stack(0x0000005d17300000,0x0000005d17400000) (1024K)]
  0x000002041ea90830 JavaThread "Connection worker"                 [_thread_in_native, id=44764, stack(0x0000005d22700000,0x0000005d22800000) (1024K)]
  0x000002041ea901a0 JavaThread "pool-109-thread-1"                 [_thread_blocked, id=44740, stack(0x0000005d22800000,0x0000005d22900000) (1024K)]
  0x000002041ea91550 JavaThread "Timer-107"                         [_thread_blocked, id=38808, stack(0x0000005d22a00000,0x0000005d22b00000) (1024K)]
  0x000002041ea8f480 JavaThread "Worker-331: Initialize workspace"        [_thread_blocked, id=39208, stack(0x0000005d15600000,0x0000005d15700000) (1024K)]
  0x000002041ea949d0 JavaThread "Timer-108"                         [_thread_blocked, id=42168, stack(0x0000005d22f00000,0x0000005d23000000) (1024K)]
  0x000002041ea96aa0 JavaThread "Connection worker"                 [_thread_in_native, id=45700, stack(0x0000005d1ea00000,0x0000005d1eb00000) (1024K)]
  0x000002041ea95060 JavaThread "pool-111-thread-1"                 [_thread_blocked, id=45744, stack(0x0000005d23400000,0x0000005d23500000) (1024K)]
  0x000002041ea956f0 JavaThread "Timer-109"                         [_thread_blocked, id=37228, stack(0x0000005d23900000,0x0000005d23a00000) (1024K)]
  0x000002041ea97e50 JavaThread "Connection worker"                 [_thread_in_native, id=46028, stack(0x0000005d1ee00000,0x0000005d1ef00000) (1024K)]
  0x000002041ea99200 JavaThread "Connection worker"                 [_thread_in_native, id=22616, stack(0x0000005d1db00000,0x0000005d1dc00000) (1024K)]
  0x000002041ea97130 JavaThread "Connection worker"                 [_thread_in_native, id=26352, stack(0x0000005d1d100000,0x0000005d1d200000) (1024K)]
  0x000002041ea9cd10 JavaThread "Timer-110"                         [_thread_blocked, id=44240, stack(0x0000005d21700000,0x0000005d21800000) (1024K)]
  0x000002041ea99f20 JavaThread "Connection worker"                 [_thread_in_native, id=28292, stack(0x0000005d16900000,0x0000005d16a00000) (1024K)]
  0x000002041ea9b2d0 JavaThread "Timer-111"                         [_thread_blocked, id=28600, stack(0x0000005d23200000,0x0000005d23300000) (1024K)]
  0x000002041ea93620 JavaThread "Timer-112"                         [_thread_blocked, id=40092, stack(0x0000005d13f00000,0x0000005d14000000) (1024K)]
  0x000002041ea9d3a0 JavaThread "Worker-389: Initialize workspace"        [_thread_blocked, id=21440, stack(0x0000005d21b00000,0x0000005d21c00000) (1024K)]
  0x000002041ea9a5b0 JavaThread "Connection worker"                 [_thread_in_native, id=39060, stack(0x0000005d1f000000,0x0000005d1f100000) (1024K)]
  0x000002041ea94340 JavaThread "Timer-113"                         [_thread_blocked, id=29228, stack(0x0000005d18800000,0x0000005d18900000) (1024K)]
  0x000002041ea977c0 JavaThread "Worker-397: Initialize workspace"        [_thread_blocked, id=45772, stack(0x0000005d1f300000,0x0000005d1f400000) (1024K)]
  0x000002041ea9e0c0 JavaThread "Connection worker"                 [_thread_in_native, id=44216, stack(0x0000005d11700000,0x0000005d11800000) (1024K)]
  0x000002041ea9bff0 JavaThread "Connection worker"                 [_thread_in_native, id=42680, stack(0x0000005d18300000,0x0000005d18400000) (1024K)]
  0x000002041ea9ede0 JavaThread "pool-116-thread-1"                 [_thread_blocked, id=29708, stack(0x0000005d1ed00000,0x0000005d1ee00000) (1024K)]
  0x000002041ea9e750 JavaThread "Timer-114"                         [_thread_blocked, id=29180, stack(0x0000005d20900000,0x0000005d20a00000) (1024K)]
  0x000002041ea99890 JavaThread "Worker-409: Initialize workspace"        [_thread_blocked, id=30776, stack(0x0000005d1a600000,0x0000005d1a700000) (1024K)]
  0x000002041eaa2260 JavaThread "Timer-115"                         [_thread_blocked, id=43268, stack(0x0000005d23300000,0x0000005d23400000) (1024K)]
  0x000002041ea9c680 JavaThread "Worker-421: Initialize workspace"        [_thread_blocked, id=41056, stack(0x0000005d15800000,0x0000005d15900000) (1024K)]
  0x000002041eaa0190 JavaThread "Connection worker"                 [_thread_in_native, id=44080, stack(0x0000005d15200000,0x0000005d15300000) (1024K)]
  0x000002041eaa3ca0 JavaThread "Connection worker"                 [_thread_in_native, id=32524, stack(0x0000005d13e00000,0x0000005d13f00000) (1024K)]
  0x000002041eaa6a90 JavaThread "Timer-116"                         [_thread_blocked, id=45048, stack(0x0000005d23e00000,0x0000005d23f00000) (1024K)]
  0x000002041eaa77b0 JavaThread "Connection worker"                 [_thread_in_native, id=40648, stack(0x0000005d16f00000,0x0000005d17000000) (1024K)]
  0x000002041eaa6400 JavaThread "Timer-117"                         [_thread_blocked, id=43492, stack(0x0000005d24300000,0x0000005d24400000) (1024K)]
  0x000002041ea8e0d0 JavaThread "Connection worker"                 [_thread_in_native, id=32672, stack(0x0000005d15c00000,0x0000005d15d00000) (1024K)]
  0x000002041eaa4330 JavaThread "Worker-438: Initialize workspace"        [_thread_blocked, id=44124, stack(0x0000005d17100000,0x0000005d17200000) (1024K)]
  0x000002041ea98b70 JavaThread "Timer-118"                         [_thread_blocked, id=28716, stack(0x0000005d15300000,0x0000005d15400000) (1024K)]
  0x000002041ea9ac40 JavaThread "Connection worker"                 [_thread_in_native, id=27292, stack(0x0000005d16400000,0x0000005d16500000) (1024K)]
  0x000002041ea9fb00 JavaThread "Connection worker"                 [_thread_in_native, id=46000, stack(0x0000005d15900000,0x0000005d15a00000) (1024K)]
  0x000002041eaa2f80 JavaThread "Connection worker"                 [_thread_in_native, id=4800, stack(0x0000005d1fd00000,0x0000005d1fe00000) (1024K)]
  0x000002041eaaac30 JavaThread "Worker-447: Initialize workspace"        [_thread_blocked, id=31792, stack(0x0000005d10000000,0x0000005d10100000) (1024K)]
  0x000002041eaa0eb0 JavaThread "Connection worker"                 [_thread_in_native, id=2340, stack(0x0000005d1bc00000,0x0000005d1bd00000) (1024K)]
  0x000002041eaab2c0 JavaThread "Timer-119"                         [_thread_blocked, id=33444, stack(0x0000005d1f900000,0x0000005d1fa00000) (1024K)]
  0x000002041ea93cb0 JavaThread "Worker-452: Initialize workspace"        [_thread_blocked, id=31320, stack(0x0000005d1f400000,0x0000005d1f500000) (1024K)]
  0x000002041ea8e760 JavaThread "Connection worker"                 [_thread_in_native, id=41476, stack(0x0000005d18900000,0x0000005d18a00000) (1024K)]
  0x000002041ea9b960 JavaThread "pool-120-thread-1"                 [_thread_blocked, id=31300, stack(0x0000005d1c100000,0x0000005d1c200000) (1024K)]
  0x000002041eaa1540 JavaThread "Timer-120"                         [_thread_blocked, id=35976, stack(0x0000005d14c00000,0x0000005d14d00000) (1024K)]
  0x000002041d67d360 JavaThread "Connection worker"                 [_thread_in_native, id=41204, stack(0x0000005d20500000,0x0000005d20600000) (1024K)]
  0x000002041d681500 JavaThread "Connection worker"                 [_thread_in_native, id=34016, stack(0x0000005d17c00000,0x0000005d17d00000) (1024K)]
  0x000002041d67eda0 JavaThread "Worker-468: Initialize workspace"        [_thread_blocked, id=36876, stack(0x0000005d17f00000,0x0000005d18000000) (1024K)]
  0x000002041d6807e0 JavaThread "Connection worker"                 [_thread_in_native, id=42384, stack(0x0000005d1d200000,0x0000005d1d300000) (1024K)]
  0x000002041d688b20 JavaThread "Connection worker"                 [_thread_in_native, id=39376, stack(0x0000005d1ac00000,0x0000005d1ad00000) (1024K)]
  0x000002041d686a50 JavaThread "Connection worker"                 [_thread_in_native, id=38328, stack(0x0000005d1ad00000,0x0000005d1ae00000) (1024K)]
  0x000002041d6842f0 JavaThread "Timer-121"                         [_thread_blocked, id=45520, stack(0x0000005d20c00000,0x0000005d20d00000) (1024K)]
  0x000002041d6856a0 JavaThread "Connection worker"                 [_thread_in_native, id=27104, stack(0x0000005d21c00000,0x0000005d21d00000) (1024K)]
  0x000002041d684980 JavaThread "Worker-476: Initialize workspace"        [_thread_blocked, id=30880, stack(0x0000005d1c800000,0x0000005d1c900000) (1024K)]
  0x000002041d689ed0 JavaThread "Connection worker"                 [_thread_in_native, id=44504, stack(0x0000005d21d00000,0x0000005d21e00000) (1024K)]
  0x000002041ea984e0 JavaThread "pool-124-thread-1"                 [_thread_blocked, id=24544, stack(0x0000005d22500000,0x0000005d22600000) (1024K)]
  0x000002041ea95d80 JavaThread "Timer-122"                         [_thread_blocked, id=36428, stack(0x0000005d22b00000,0x0000005d22c00000) (1024K)]
  0x000002041ea9da30 JavaThread "Worker-486: Initialize workspace"        [_thread_blocked, id=37264, stack(0x0000005d16a00000,0x0000005d16b00000) (1024K)]
  0x000002041eaa28f0 JavaThread "Timer-123"                         [_thread_blocked, id=33084, stack(0x0000005d20b00000,0x0000005d20c00000) (1024K)]
  0x000002041eaa1bd0 JavaThread "Worker-495: Initialize workspace"        [_thread_blocked, id=44168, stack(0x0000005d17400000,0x0000005d17500000) (1024K)]
  0x000002041eaa3610 JavaThread "Connection worker"                 [_thread_in_native, id=43304, stack(0x0000005d22d00000,0x0000005d22e00000) (1024K)]
  0x000002041eaa7e40 JavaThread "pool-125-thread-1"                 [_thread_blocked, id=31148, stack(0x0000005d23600000,0x0000005d23700000) (1024K)]
  0x000002041eaa49c0 JavaThread "Connection worker"                 [_thread_in_native, id=43668, stack(0x0000005d17800000,0x0000005d17900000) (1024K)]
  0x000002041eaa5050 JavaThread "Timer-124"                         [_thread_blocked, id=32808, stack(0x0000005d17d00000,0x0000005d17e00000) (1024K)]
  0x000002041ea92900 JavaThread "Worker-504: Initialize workspace"        [_thread_blocked, id=26316, stack(0x0000005d1b000000,0x0000005d1b100000) (1024K)]
  0x000002041ea9f470 JavaThread "Connection worker"                 [_thread_in_native, id=31204, stack(0x0000005d1b400000,0x0000005d1b500000) (1024K)]
  0x000002041eaa7120 JavaThread "pool-126-thread-1"                 [_thread_blocked, id=32816, stack(0x0000005d1e900000,0x0000005d1ea00000) (1024K)]
  0x000002041eaa5d70 JavaThread "Connection worker"                 [_thread_blocked, id=39784, stack(0x0000005d21600000,0x0000005d21700000) (1024K)]
  0x000002041eaaa5a0 JavaThread "pool-127-thread-1"                 [_thread_blocked, id=36700, stack(0x0000005d23500000,0x0000005d23600000) (1024K)]
  0x000002041eaab950 JavaThread "Exec process"                      [_thread_in_native, id=18316, stack(0x0000005d23a00000,0x0000005d23b00000) (1024K)]
  0x000002041eaa9880 JavaThread "Exec process Thread 2"             [_thread_blocked, id=36296, stack(0x0000005d23c00000,0x0000005d23d00000) (1024K)]
  0x000002041eaa84d0 JavaThread "Timer-125"                         [_thread_blocked, id=28156, stack(0x0000005d23b00000,0x0000005d23c00000) (1024K)]
  0x000002041eaac670 JavaThread "Timer-126"                         [_thread_blocked, id=24048, stack(0x0000005d23f00000,0x0000005d24000000) (1024K)]
  0x000002041eaa0820 JavaThread "Connection worker"                 [_thread_blocked, id=30468, stack(0x0000005d22c00000,0x0000005d22d00000) (1024K)]
  0x000002041eaa8b60 JavaThread "Exec process"                      [_thread_in_native, id=44268, stack(0x0000005d23800000,0x0000005d23900000) (1024K)]
  0x000002041eaacd00 JavaThread "Exec process Thread 2"             [_thread_blocked, id=13888, stack(0x0000005d24100000,0x0000005d24200000) (1024K)]
  0x000002041eaa56e0 JavaThread "Worker-525: Initialize workspace"        [_thread_blocked, id=15328, stack(0x0000005d23d00000,0x0000005d23e00000) (1024K)]
  0x000002041b198f60 JavaThread "Connection worker"                 [_thread_in_native, id=30284, stack(0x0000005d1cc00000,0x0000005d1cd00000) (1024K)]
  0x000002041b1995f0 JavaThread "Timer-127"                         [_thread_blocked, id=34428, stack(0x0000005d1d000000,0x0000005d1d100000) (1024K)]
  0x000002041b197bb0 JavaThread "Connection worker"                 [_thread_blocked, id=34768, stack(0x0000005d1c700000,0x0000005d1c800000) (1024K)]
  0x000002041b19ca70 JavaThread "Exec process"                      [_thread_in_native, id=34468, stack(0x0000005d14f00000,0x0000005d15000000) (1024K)]
  0x000002041b19b6c0 JavaThread "Exec process Thread 2"             [_thread_blocked, id=38220, stack(0x0000005d1d300000,0x0000005d1d400000) (1024K)]
  0x000002041b196170 JavaThread "Worker-539: Initialize workspace"        [_thread_in_Java, id=42072, stack(0x0000005d15500000,0x0000005d15600000) (1024K)]
  0x000002041b1988d0 JavaThread "Worker-544: Initialize Workspace"        [_thread_in_native, id=31332, stack(0x0000005d1fc00000,0x0000005d1fd00000) (1024K)]
  0x000002041b19a310 JavaThread "ProjectImportProgressReporter" daemon [_thread_blocked, id=26500, stack(0x0000005d24000000,0x0000005d24100000) (1024K)]
  0x000002041b196800 JavaThread "Connection worker"                 [_thread_in_native, id=27840, stack(0x0000005d22600000,0x0000005d22700000) (1024K)]
Total: 312

Other Threads:
  0x0000020425f134c0 VMThread "VM Thread"                           [id=14664, stack(0x0000005d10400000,0x0000005d10500000) (1024K)]
  0x0000020425e2ca00 WatcherThread "VM Periodic Task Thread"        [id=21736, stack(0x0000005d10300000,0x0000005d10400000) (1024K)]
  0x0000020425fc7ad0 WorkerThread "GC Thread#0"                     [id=19208, stack(0x0000005d10200000,0x0000005d10300000) (1024K)]
  0x000002047f7500a0 WorkerThread "GC Thread#1"                     [id=1784, stack(0x0000005d11100000,0x0000005d11200000) (1024K)]
  0x000002047f570c70 WorkerThread "GC Thread#2"                     [id=21264, stack(0x0000005d11200000,0x0000005d11300000) (1024K)]
  0x000002047f571020 WorkerThread "GC Thread#3"                     [id=26336, stack(0x0000005d11300000,0x0000005d11400000) (1024K)]
  0x000002047f5713d0 WorkerThread "GC Thread#4"                     [id=8644, stack(0x0000005d11400000,0x0000005d11500000) (1024K)]
  0x000002047f571780 WorkerThread "GC Thread#5"                     [id=26100, stack(0x0000005d11500000,0x0000005d11600000) (1024K)]
  0x000002047fd87540 WorkerThread "GC Thread#6"                     [id=13012, stack(0x0000005d11600000,0x0000005d11700000) (1024K)]
  0x000002047fd3a0c0 WorkerThread "GC Thread#7"                     [id=18608, stack(0x0000005d11e00000,0x0000005d11f00000) (1024K)]
Total: 10

Threads with active compile tasks:
C2 CompilerThread0  2029143 19751       4       com.esotericsoftware.kryo.io.Input::readUtf8 (90 bytes)
Total: 1

VM state: not at safepoint (normal execution)

VM Mutex/Monitor currently owned by a thread: None

Heap address: 0x0000000080000000, size: 2048 MB, Compressed Oops mode: 32-bit

CDS archive(s) mapped at: [0x000002043d000000-0x000002043dba0000-0x000002043dba0000), size 12189696, SharedBaseAddress: 0x000002043d000000, ArchiveRelocationMode: 1.
Compressed class space mapped at: 0x000002043e000000-0x000002047e000000, reserved size: 1073741824
Narrow klass base: 0x000002043d000000, Narrow klass shift: 0, Narrow klass range: 0x100000000

GC Precious Log:
 CardTable entry size: 512
 CPUs: 8 total, 8 available
 Memory: 16227M
 Large Page Support: Disabled
 NUMA Support: Disabled
 Compressed Oops: Enabled (32-bit)
 Alignments: Space 512K, Generation 512K, Heap 2M
 Heap Min Capacity: 100M
 Heap Initial Capacity: 100M
 Heap Max Capacity: 2G
 Pre-touch: Disabled
 Parallel Workers: 8

Heap:
 PSYoungGen      total 6144K, used 3975K [0x00000000d5580000, 0x00000000d5f80000, 0x0000000100000000)
  eden space 5632K, 66% used [0x00000000d5580000,0x00000000d5921f38,0x00000000d5b00000)
  from space 512K, 50% used [0x00000000d5e80000,0x00000000d5ec0000,0x00000000d5f00000)
  to   space 512K, 0% used [0x00000000d5f00000,0x00000000d5f00000,0x00000000d5f80000)
 ParOldGen       total 1015808K, used 523244K [0x0000000080000000, 0x00000000be000000, 0x00000000d5580000)
  object space 1015808K, 51% used [0x0000000080000000,0x000000009fefb380,0x00000000be000000)
 Metaspace       used 81017K, committed 83456K, reserved 1179648K
  class space    used 9275K, committed 10432K, reserved 1048576K

Card table byte_map: [0x0000020425940000,0x0000020425d50000] _byte_map_base: 0x0000020425540000

Marking Bits: (ParMarkBitMap*) 0x00007fffcbf344a0
 Begin Bits: [0x0000020438450000, 0x000002043a450000)
 End Bits:   [0x000002043a450000, 0x000002043c450000)

Polling page: 0x0000020423df0000

Metaspace:

Usage:
  Non-class:     70.06 MB used.
      Class:      9.06 MB used.
       Both:     79.12 MB used.

Virtual space:
  Non-class space:      128.00 MB reserved,      71.31 MB ( 56%) committed,  2 nodes.
      Class space:        1.00 GB reserved,      10.19 MB ( <1%) committed,  1 nodes.
             Both:        1.12 GB reserved,      81.50 MB (  7%) committed. 

Chunk freelists:
   Non-Class:  8.31 MB
       Class:  5.72 MB
        Both:  14.03 MB

MaxMetaspaceSize: unlimited
CompressedClassSpaceSize: 1.00 GB
Initial GC threshold: 21.00 MB
Current GC threshold: 131.81 MB
CDS: on
 - commit_granule_bytes: 65536.
 - commit_granule_words: 8192.
 - virtual_space_node_default_size: 8388608.
 - enlarge_chunks_in_place: 1.
 - use_allocation_guard: 0.


Internal statistics:

num_allocs_failed_limit: 9.
num_arena_births: 2940.
num_arena_deaths: 88.
num_vsnodes_births: 3.
num_vsnodes_deaths: 0.
num_space_committed: 1304.
num_space_uncommitted: 0.
num_chunks_returned_to_freelist: 120.
num_chunks_taken_from_freelist: 7406.
num_chunk_merges: 17.
num_chunk_splits: 4216.
num_chunks_enlarged: 1844.
num_inconsistent_stats: 0.

CodeHeap 'non-profiled nmethods': size=120000Kb used=17345Kb max_used=17781Kb free=102654Kb
 bounds [0x0000020430c70000, 0x0000020431dd0000, 0x00000204381a0000]
CodeHeap 'profiled nmethods': size=120000Kb used=36531Kb max_used=37315Kb free=83468Kb
 bounds [0x00000204291a0000, 0x000002042b620000, 0x00000204306d0000]
CodeHeap 'non-nmethods': size=5760Kb used=1463Kb max_used=1560Kb free=4296Kb
 bounds [0x00000204306d0000, 0x0000020430940000, 0x0000020430c70000]
CodeCache: size=245760Kb, used=55339Kb, max_used=56656Kb, free=190418Kb
 total_blobs=18368, nmethods=17589, adapters=684, full_count=0
Compilation: enabled, stopped_count=0, restarted_count=0

Compilation events (20 events):
Event: 2026.667 Thread 0x0000020425f4c6e0 19742       3       org.eclipse.m2e.core.internal.project.registry.ProjectRegistryManager::getProject (13 bytes)
Event: 2026.669 Thread 0x0000020425f4c6e0 nmethod 19742 0x0000020429c59c10 code [0x0000020429c59e00, 0x0000020429c5a2e0]
Event: 2026.678 Thread 0x0000020425f4c6e0 19743       1       org.eclipse.m2e.jdt.internal.launch.BlankClassifierClasspathProvider::getClassifier (3 bytes)
Event: 2026.678 Thread 0x0000020425f4c6e0 nmethod 19743 0x0000020430f2e310 code [0x0000020430f2e4a0, 0x0000020430f2e570]
Event: 2026.678 Thread 0x0000020425f4c6e0 19744       3       org.eclipse.m2e.core.internal.project.registry.ProjectRegistryManager::lambda$24 (15 bytes)
Event: 2026.679 Thread 0x0000020425f4c6e0 nmethod 19744 0x0000020429c59190 code [0x0000020429c593a0, 0x0000020429c59980]
Event: 2026.679 Thread 0x0000020425f4c6e0 19745       3       org.eclipse.m2e.core.internal.project.registry.ProjectRegistryManager$$Lambda/0x000002043e69c450::<init> (10 bytes)
Event: 2026.680 Thread 0x0000020425f4c6e0 nmethod 19745 0x0000020429c58d90 code [0x0000020429c58f40, 0x0000020429c590c8]
Event: 2026.681 Thread 0x0000020425f4c6e0 19746       3       org.eclipse.m2e.core.internal.project.registry.MavenProjectManager::getProject (9 bytes)
Event: 2026.681 Thread 0x0000020425f4c6e0 nmethod 19746 0x0000020429c58410 code [0x0000020429c58600, 0x0000020429c58b48]
Event: 2026.694 Thread 0x0000020425f2b060 nmethod 19741 0x0000020430f2c890 code [0x0000020430f2cb20, 0x0000020430f2d848]
Event: 2027.266 Thread 0x0000020425f4c6e0 19747       3       java.lang.RuntimeException::<init> (6 bytes)
Event: 2027.267 Thread 0x0000020425f4c6e0 nmethod 19747 0x0000020429c57e10 code [0x0000020429c57fc0, 0x0000020429c58158]
Event: 2027.429 Thread 0x0000020425f2b060 19748   !   4       java.io.BufferedWriter::write (82 bytes)
Event: 2027.431 Thread 0x0000020425f4c6e0 19749       1       org.eclipse.jdt.ls.core.internal.handlers.JDTLanguageServer::access$0 (5 bytes)
Event: 2027.436 Thread 0x0000020425f4c6e0 nmethod 19749 0x0000020430f2c590 code [0x0000020430f2c720, 0x0000020430f2c7d0]
Event: 2027.436 Thread 0x0000020425f4c6e0 19750       1       org.eclipse.jdt.ls.core.internal.managers.TelemetryManager::onServiceReady (6 bytes)
Event: 2027.436 Thread 0x0000020425f4c6e0 nmethod 19750 0x0000020430f2c290 code [0x0000020430f2c420, 0x0000020430f2c4e8]
Event: 2027.457 Thread 0x0000020425f2b060 nmethod 19748 0x0000020430f2ab90 code [0x0000020430f2ade0, 0x0000020430f2b8a0]
Event: 2027.658 Thread 0x0000020425f2b060 19751       4       com.esotericsoftware.kryo.io.Input::readUtf8 (90 bytes)

GC Heap History (20 events):
Event: 2023.148 GC heap before
{Heap before GC invocations=7357 (full 4):
 PSYoungGen      total 6144K, used 5786K [0x00000000d5580000, 0x00000000d6000000, 0x0000000100000000)
  eden space 5632K, 99% used [0x00000000d5580000,0x00000000d5afe920,0x00000000d5b00000)
  from space 512K, 31% used [0x00000000d5f80000,0x00000000d5fa8000,0x00000000d6000000)
  to   space 512K, 0% used [0x00000000d5f00000,0x00000000d5f00000,0x00000000d5f80000)
 ParOldGen       total 1015808K, used 521470K [0x0000000080000000, 0x00000000be000000, 0x00000000d5580000)
  object space 1015808K, 51% used [0x0000000080000000,0x000000009fd3fb50,0x00000000be000000)
 Metaspace       used 81002K, committed 83456K, reserved 1179648K
  class space    used 9275K, committed 10432K, reserved 1048576K
}
Event: 2023.152 GC heap after
{Heap after GC invocations=7357 (full 4):
 PSYoungGen      total 6144K, used 192K [0x00000000d5580000, 0x00000000d6000000, 0x0000000100000000)
  eden space 5632K, 0% used [0x00000000d5580000,0x00000000d5580000,0x00000000d5b00000)
  from space 512K, 37% used [0x00000000d5f00000,0x00000000d5f30000,0x00000000d5f80000)
  to   space 512K, 0% used [0x00000000d5f80000,0x00000000d5f80000,0x00000000d6000000)
 ParOldGen       total 1015808K, used 521534K [0x0000000080000000, 0x00000000be000000, 0x00000000d5580000)
  object space 1015808K, 51% used [0x0000000080000000,0x000000009fd4fb70,0x00000000be000000)
 Metaspace       used 81002K, committed 83456K, reserved 1179648K
  class space    used 9275K, committed 10432K, reserved 1048576K
}
Event: 2023.785 GC heap before
{Heap before GC invocations=7358 (full 4):
 PSYoungGen      total 6144K, used 5824K [0x00000000d5580000, 0x00000000d6000000, 0x0000000100000000)
  eden space 5632K, 100% used [0x00000000d5580000,0x00000000d5b00000,0x00000000d5b00000)
  from space 512K, 37% used [0x00000000d5f00000,0x00000000d5f30000,0x00000000d5f80000)
  to   space 512K, 0% used [0x00000000d5f80000,0x00000000d5f80000,0x00000000d6000000)
 ParOldGen       total 1015808K, used 521534K [0x0000000080000000, 0x00000000be000000, 0x00000000d5580000)
  object space 1015808K, 51% used [0x0000000080000000,0x000000009fd4fb70,0x00000000be000000)
 Metaspace       used 81002K, committed 83456K, reserved 1179648K
  class space    used 9275K, committed 10432K, reserved 1048576K
}
Event: 2023.789 GC heap after
{Heap after GC invocations=7358 (full 4):
 PSYoungGen      total 6144K, used 192K [0x00000000d5580000, 0x00000000d6000000, 0x0000000100000000)
  eden space 5632K, 0% used [0x00000000d5580000,0x00000000d5580000,0x00000000d5b00000)
  from space 512K, 37% used [0x00000000d5f80000,0x00000000d5fb0000,0x00000000d6000000)
  to   space 512K, 0% used [0x00000000d5f00000,0x00000000d5f00000,0x00000000d5f80000)
 ParOldGen       total 1015808K, used 521662K [0x0000000080000000, 0x00000000be000000, 0x00000000d5580000)
  object space 1015808K, 51% used [0x0000000080000000,0x000000009fd6fb70,0x00000000be000000)
 Metaspace       used 81002K, committed 83456K, reserved 1179648K
  class space    used 9275K, committed 10432K, reserved 1048576K
}
Event: 2024.950 GC heap before
{Heap before GC invocations=7359 (full 4):
 PSYoungGen      total 6144K, used 5824K [0x00000000d5580000, 0x00000000d6000000, 0x0000000100000000)
  eden space 5632K, 100% used [0x00000000d5580000,0x00000000d5b00000,0x00000000d5b00000)
  from space 512K, 37% used [0x00000000d5f80000,0x00000000d5fb0000,0x00000000d6000000)
  to   space 512K, 0% used [0x00000000d5f00000,0x00000000d5f00000,0x00000000d5f80000)
 ParOldGen       total 1015808K, used 521662K [0x0000000080000000, 0x00000000be000000, 0x00000000d5580000)
  object space 1015808K, 51% used [0x0000000080000000,0x000000009fd6fb70,0x00000000be000000)
 Metaspace       used 81005K, committed 83456K, reserved 1179648K
  class space    used 9275K, committed 10432K, reserved 1048576K
}
Event: 2024.960 GC heap after
{Heap after GC invocations=7359 (full 4):
 PSYoungGen      total 6144K, used 224K [0x00000000d5580000, 0x00000000d6000000, 0x0000000100000000)
  eden space 5632K, 0% used [0x00000000d5580000,0x00000000d5580000,0x00000000d5b00000)
  from space 512K, 43% used [0x00000000d5f00000,0x00000000d5f38000,0x00000000d5f80000)
  to   space 512K, 0% used [0x00000000d5f80000,0x00000000d5f80000,0x00000000d6000000)
 ParOldGen       total 1015808K, used 521750K [0x0000000080000000, 0x00000000be000000, 0x00000000d5580000)
  object space 1015808K, 51% used [0x0000000080000000,0x000000009fd85b70,0x00000000be000000)
 Metaspace       used 81005K, committed 83456K, reserved 1179648K
  class space    used 9275K, committed 10432K, reserved 1048576K
}
Event: 2025.632 GC heap before
{Heap before GC invocations=7360 (full 4):
 PSYoungGen      total 6144K, used 5856K [0x00000000d5580000, 0x00000000d6000000, 0x0000000100000000)
  eden space 5632K, 100% used [0x00000000d5580000,0x00000000d5b00000,0x00000000d5b00000)
  from space 512K, 43% used [0x00000000d5f00000,0x00000000d5f38000,0x00000000d5f80000)
  to   space 512K, 0% used [0x00000000d5f80000,0x00000000d5f80000,0x00000000d6000000)
 ParOldGen       total 1015808K, used 521750K [0x0000000080000000, 0x00000000be000000, 0x00000000d5580000)
  object space 1015808K, 51% used [0x0000000080000000,0x000000009fd85b70,0x00000000be000000)
 Metaspace       used 81005K, committed 83456K, reserved 1179648K
  class space    used 9275K, committed 10432K, reserved 1048576K
}
Event: 2025.635 GC heap after
{Heap after GC invocations=7360 (full 4):
 PSYoungGen      total 6144K, used 128K [0x00000000d5580000, 0x00000000d6000000, 0x0000000100000000)
  eden space 5632K, 0% used [0x00000000d5580000,0x00000000d5580000,0x00000000d5b00000)
  from space 512K, 25% used [0x00000000d5f80000,0x00000000d5fa0000,0x00000000d6000000)
  to   space 512K, 0% used [0x00000000d5f00000,0x00000000d5f00000,0x00000000d5f80000)
 ParOldGen       total 1015808K, used 521890K [0x0000000080000000, 0x00000000be000000, 0x00000000d5580000)
  object space 1015808K, 51% used [0x0000000080000000,0x000000009fda8ba0,0x00000000be000000)
 Metaspace       used 81005K, committed 83456K, reserved 1179648K
  class space    used 9275K, committed 10432K, reserved 1048576K
}
Event: 2026.147 GC heap before
{Heap before GC invocations=7361 (full 4):
 PSYoungGen      total 6144K, used 5760K [0x00000000d5580000, 0x00000000d6000000, 0x0000000100000000)
  eden space 5632K, 100% used [0x00000000d5580000,0x00000000d5b00000,0x00000000d5b00000)
  from space 512K, 25% used [0x00000000d5f80000,0x00000000d5fa0000,0x00000000d6000000)
  to   space 512K, 0% used [0x00000000d5f00000,0x00000000d5f00000,0x00000000d5f80000)
 ParOldGen       total 1015808K, used 521890K [0x0000000080000000, 0x00000000be000000, 0x00000000d5580000)
  object space 1015808K, 51% used [0x0000000080000000,0x000000009fda8ba0,0x00000000be000000)
 Metaspace       used 81005K, committed 83456K, reserved 1179648K
  class space    used 9275K, committed 10432K, reserved 1048576K
}
Event: 2026.149 GC heap after
{Heap after GC invocations=7361 (full 4):
 PSYoungGen      total 6144K, used 160K [0x00000000d5580000, 0x00000000d6000000, 0x0000000100000000)
  eden space 5632K, 0% used [0x00000000d5580000,0x00000000d5580000,0x00000000d5b00000)
  from space 512K, 31% used [0x00000000d5f00000,0x00000000d5f28000,0x00000000d5f80000)
  to   space 512K, 0% used [0x00000000d5f80000,0x00000000d5f80000,0x00000000d6000000)
 ParOldGen       total 1015808K, used 521914K [0x0000000080000000, 0x00000000be000000, 0x00000000d5580000)
  object space 1015808K, 51% used [0x0000000080000000,0x000000009fdaeba0,0x00000000be000000)
 Metaspace       used 81005K, committed 83456K, reserved 1179648K
  class space    used 9275K, committed 10432K, reserved 1048576K
}
Event: 2026.370 GC heap before
{Heap before GC invocations=7362 (full 4):
 PSYoungGen      total 6144K, used 5792K [0x00000000d5580000, 0x00000000d6000000, 0x0000000100000000)
  eden space 5632K, 100% used [0x00000000d5580000,0x00000000d5b00000,0x00000000d5b00000)
  from space 512K, 31% used [0x00000000d5f00000,0x00000000d5f28000,0x00000000d5f80000)
  to   space 512K, 0% used [0x00000000d5f80000,0x00000000d5f80000,0x00000000d6000000)
 ParOldGen       total 1015808K, used 521914K [0x0000000080000000, 0x00000000be000000, 0x00000000d5580000)
  object space 1015808K, 51% used [0x0000000080000000,0x000000009fdaeba0,0x00000000be000000)
 Metaspace       used 81005K, committed 83456K, reserved 1179648K
  class space    used 9275K, committed 10432K, reserved 1048576K
}
Event: 2026.377 GC heap after
{Heap after GC invocations=7362 (full 4):
 PSYoungGen      total 6144K, used 224K [0x00000000d5580000, 0x00000000d6000000, 0x0000000100000000)
  eden space 5632K, 0% used [0x00000000d5580000,0x00000000d5580000,0x00000000d5b00000)
  from space 512K, 43% used [0x00000000d5f80000,0x00000000d5fb8000,0x00000000d6000000)
  to   space 512K, 0% used [0x00000000d5f00000,0x00000000d5f00000,0x00000000d5f80000)
 ParOldGen       total 1015808K, used 521970K [0x0000000080000000, 0x00000000be000000, 0x00000000d5580000)
  object space 1015808K, 51% used [0x0000000080000000,0x000000009fdbcba0,0x00000000be000000)
 Metaspace       used 81005K, committed 83456K, reserved 1179648K
  class space    used 9275K, committed 10432K, reserved 1048576K
}
Event: 2026.633 GC heap before
{Heap before GC invocations=7363 (full 4):
 PSYoungGen      total 6144K, used 5855K [0x00000000d5580000, 0x00000000d6000000, 0x0000000100000000)
  eden space 5632K, 99% used [0x00000000d5580000,0x00000000d5afffe0,0x00000000d5b00000)
  from space 512K, 43% used [0x00000000d5f80000,0x00000000d5fb8000,0x00000000d6000000)
  to   space 512K, 0% used [0x00000000d5f00000,0x00000000d5f00000,0x00000000d5f80000)
 ParOldGen       total 1015808K, used 521970K [0x0000000080000000, 0x00000000be000000, 0x00000000d5580000)
  object space 1015808K, 51% used [0x0000000080000000,0x000000009fdbcba0,0x00000000be000000)
 Metaspace       used 81010K, committed 83456K, reserved 1179648K
  class space    used 9275K, committed 10432K, reserved 1048576K
}
Event: 2026.639 GC heap after
{Heap after GC invocations=7363 (full 4):
 PSYoungGen      total 6144K, used 490K [0x00000000d5580000, 0x00000000d6000000, 0x0000000100000000)
  eden space 5632K, 0% used [0x00000000d5580000,0x00000000d5580000,0x00000000d5b00000)
  from space 512K, 95% used [0x00000000d5f00000,0x00000000d5f7aa40,0x00000000d5f80000)
  to   space 512K, 0% used [0x00000000d5f80000,0x00000000d5f80000,0x00000000d6000000)
 ParOldGen       total 1015808K, used 522034K [0x0000000080000000, 0x00000000be000000, 0x00000000d5580000)
  object space 1015808K, 51% used [0x0000000080000000,0x000000009fdccba0,0x00000000be000000)
 Metaspace       used 81010K, committed 83456K, reserved 1179648K
  class space    used 9275K, committed 10432K, reserved 1048576K
}
Event: 2026.795 GC heap before
{Heap before GC invocations=7364 (full 4):
 PSYoungGen      total 6144K, used 6097K [0x00000000d5580000, 0x00000000d6000000, 0x0000000100000000)
  eden space 5632K, 99% used [0x00000000d5580000,0x00000000d5af9b98,0x00000000d5b00000)
  from space 512K, 95% used [0x00000000d5f00000,0x00000000d5f7aa40,0x00000000d5f80000)
  to   space 512K, 0% used [0x00000000d5f80000,0x00000000d5f80000,0x00000000d6000000)
 ParOldGen       total 1015808K, used 522034K [0x0000000080000000, 0x00000000be000000, 0x00000000d5580000)
  object space 1015808K, 51% used [0x0000000080000000,0x000000009fdccba0,0x00000000be000000)
 Metaspace       used 81013K, committed 83456K, reserved 1179648K
  class space    used 9275K, committed 10432K, reserved 1048576K
}
Event: 2026.810 GC heap after
{Heap after GC invocations=7364 (full 4):
 PSYoungGen      total 6144K, used 498K [0x00000000d5580000, 0x00000000d6000000, 0x0000000100000000)
  eden space 5632K, 0% used [0x00000000d5580000,0x00000000d5580000,0x00000000d5b00000)
  from space 512K, 97% used [0x00000000d5f80000,0x00000000d5ffc990,0x00000000d6000000)
  to   space 2048K, 0% used [0x00000000d5c00000,0x00000000d5c00000,0x00000000d5e00000)
 ParOldGen       total 1015808K, used 522924K [0x0000000080000000, 0x00000000be000000, 0x00000000d5580000)
  object space 1015808K, 51% used [0x0000000080000000,0x000000009feab350,0x00000000be000000)
 Metaspace       used 81013K, committed 83456K, reserved 1179648K
  class space    used 9275K, committed 10432K, reserved 1048576K
}
Event: 2026.916 GC heap before
{Heap before GC invocations=7365 (full 4):
 PSYoungGen      total 6144K, used 6124K [0x00000000d5580000, 0x00000000d6000000, 0x0000000100000000)
  eden space 5632K, 99% used [0x00000000d5580000,0x00000000d5afe7b8,0x00000000d5b00000)
  from space 512K, 97% used [0x00000000d5f80000,0x00000000d5ffc990,0x00000000d6000000)
  to   space 2048K, 0% used [0x00000000d5c00000,0x00000000d5c00000,0x00000000d5e00000)
 ParOldGen       total 1015808K, used 522924K [0x0000000080000000, 0x00000000be000000, 0x00000000d5580000)
  object space 1015808K, 51% used [0x0000000080000000,0x000000009feab350,0x00000000be000000)
 Metaspace       used 81013K, committed 83456K, reserved 1179648K
  class space    used 9275K, committed 10432K, reserved 1048576K
}
Event: 2026.925 GC heap after
{Heap after GC invocations=7365 (full 4):
 PSYoungGen      total 7680K, used 224K [0x00000000d5580000, 0x00000000d6000000, 0x0000000100000000)
  eden space 5632K, 0% used [0x00000000d5580000,0x00000000d5580000,0x00000000d5b00000)
  from space 2048K, 10% used [0x00000000d5c00000,0x00000000d5c38000,0x00000000d5e00000)
  to   space 1024K, 0% used [0x00000000d5f00000,0x00000000d5f00000,0x00000000d6000000)
 ParOldGen       total 1015808K, used 523172K [0x0000000080000000, 0x00000000be000000, 0x00000000d5580000)
  object space 1015808K, 51% used [0x0000000080000000,0x000000009fee9380,0x00000000be000000)
 Metaspace       used 81013K, committed 83456K, reserved 1179648K
  class space    used 9275K, committed 10432K, reserved 1048576K
}
Event: 2027.570 GC heap before
{Heap before GC invocations=7366 (full 4):
 PSYoungGen      total 7680K, used 5855K [0x00000000d5580000, 0x00000000d6000000, 0x0000000100000000)
  eden space 5632K, 99% used [0x00000000d5580000,0x00000000d5afffe0,0x00000000d5b00000)
  from space 2048K, 10% used [0x00000000d5c00000,0x00000000d5c38000,0x00000000d5e00000)
  to   space 1024K, 0% used [0x00000000d5f00000,0x00000000d5f00000,0x00000000d6000000)
 ParOldGen       total 1015808K, used 523172K [0x0000000080000000, 0x00000000be000000, 0x00000000d5580000)
  object space 1015808K, 51% used [0x0000000080000000,0x000000009fee9380,0x00000000be000000)
 Metaspace       used 81013K, committed 83456K, reserved 1179648K
  class space    used 9275K, committed 10432K, reserved 1048576K
}
Event: 2027.585 GC heap after
{Heap after GC invocations=7366 (full 4):
 PSYoungGen      total 6144K, used 301K [0x00000000d5580000, 0x00000000d5f80000, 0x0000000100000000)
  eden space 5632K, 0% used [0x00000000d5580000,0x00000000d5580000,0x00000000d5b00000)
  from space 512K, 58% used [0x00000000d5f00000,0x00000000d5f4b6c0,0x00000000d5f80000)
  to   space 512K, 0% used [0x00000000d5e80000,0x00000000d5e80000,0x00000000d5f00000)
 ParOldGen       total 1015808K, used 523188K [0x0000000080000000, 0x00000000be000000, 0x00000000d5580000)
  object space 1015808K, 51% used [0x0000000080000000,0x000000009feed380,0x00000000be000000)
 Metaspace       used 81013K, committed 83456K, reserved 1179648K
  class space    used 9275K, committed 10432K, reserved 1048576K
}

Dll operation events (20 events):
Event: 0.305 Attempting to load shared library C:\Users\hp\.vscode\extensions\redhat.java-1.56.0-win32-x64\jre\21.0.12.1-win32-x86_64\bin\zip.dll
Event: 0.306 Loaded shared library C:\Users\hp\.vscode\extensions\redhat.java-1.56.0-win32-x64\jre\21.0.12.1-win32-x86_64\bin\zip.dll
Event: 0.350 Attempting to load shared library C:\Users\hp\.vscode\extensions\redhat.java-1.56.0-win32-x64\jre\21.0.12.1-win32-x86_64\bin\jimage.dll
Event: 0.350 Loaded shared library C:\Users\hp\.vscode\extensions\redhat.java-1.56.0-win32-x64\jre\21.0.12.1-win32-x86_64\bin\jimage.dll
Event: 0.551 Attempting to load shared library c:\Users\hp\.vscode\extensions\redhat.java-1.56.0-win32-x64\jre\21.0.12.1-win32-x86_64\bin\verify.dll
Event: 0.552 Loaded shared library c:\Users\hp\.vscode\extensions\redhat.java-1.56.0-win32-x64\jre\21.0.12.1-win32-x86_64\bin\verify.dll
Event: 6.484 Attempting to load shared library C:\Users\hp\AppData\Roaming\Code\User\globalStorage\redhat.java\1.56.0\config_win\org.eclipse.equinox.launcher\org.eclipse.equinox.launcher.win32.win32.x86_64_1.3.100.v20260804-1928\eclipse_11924.dll
Event: 6.500 Loaded shared library C:\Users\hp\AppData\Roaming\Code\User\globalStorage\redhat.java\1.56.0\config_win\org.eclipse.equinox.launcher\org.eclipse.equinox.launcher.win32.win32.x86_64_1.3.100.v20260804-1928\eclipse_11924.dll
Event: 16.454 Attempting to load shared library C:\Users\hp\AppData\Local\Temp\jna-109436030\jna14265253635977009519.dll
Event: 16.793 Loaded shared library C:\Users\hp\AppData\Local\Temp\jna-109436030\jna14265253635977009519.dll
Event: 33.057 Attempting to load shared library C:\Users\hp\.vscode\extensions\redhat.java-1.56.0-win32-x64\jre\21.0.12.1-win32-x86_64\bin\sunmscapi.dll
Event: 33.095 Loaded shared library C:\Users\hp\.vscode\extensions\redhat.java-1.56.0-win32-x64\jre\21.0.12.1-win32-x86_64\bin\sunmscapi.dll
Event: 34.307 Attempting to load shared library C:\Users\hp\.vscode\extensions\redhat.java-1.56.0-win32-x64\jre\21.0.12.1-win32-x86_64\bin\extnet.dll
Event: 34.308 Loaded shared library C:\Users\hp\.vscode\extensions\redhat.java-1.56.0-win32-x64\jre\21.0.12.1-win32-x86_64\bin\extnet.dll
Event: 170.293 Attempting to load shared library C:\Users\hp\.gradle\native\1def1411415f61bf3af743bc5b6707747c0891f09f0c88961ee8f79bc544acac\windows-amd64\native-platform.dll
Event: 170.294 Loaded shared library C:\Users\hp\.gradle\native\1def1411415f61bf3af743bc5b6707747c0891f09f0c88961ee8f79bc544acac\windows-amd64\native-platform.dll
Event: 174.256 Attempting to load shared library C:\Users\hp\.vscode\extensions\redhat.java-1.56.0-win32-x64\jre\21.0.12.1-win32-x86_64\bin\management.dll
Event: 174.258 Loaded shared library C:\Users\hp\.vscode\extensions\redhat.java-1.56.0-win32-x64\jre\21.0.12.1-win32-x86_64\bin\management.dll
Event: 174.267 Attempting to load shared library C:\Users\hp\.vscode\extensions\redhat.java-1.56.0-win32-x64\jre\21.0.12.1-win32-x86_64\bin\management_ext.dll
Event: 174.268 Loaded shared library C:\Users\hp\.vscode\extensions\redhat.java-1.56.0-win32-x64\jre\21.0.12.1-win32-x86_64\bin\management_ext.dll

Deoptimization events (20 events):
Event: 2008.043 Thread 0x000002041eaacd00 DEOPT PACKING pc=0x0000020431695128 sp=0x0000005d241fed30
Event: 2008.044 Thread 0x000002041eaacd00 DEOPT UNPACKING pc=0x0000020430723aa2 sp=0x0000005d241fecc8 mode 2
Event: 2008.044 Thread 0x000002041eaacd00 Uncommon trap: trap_request=0xffffffc6 fr.pc=0x0000020431695128 relative=0x00000000000001c8
Event: 2008.044 Thread 0x000002041eaacd00 Uncommon trap: reason=bimorphic_or_optimized_type_check action=maybe_recompile pc=0x0000020431695128 method=java.lang.Character.codePointBefore(Ljava/lang/CharSequence;I)I @ 5 c2
Event: 2008.044 Thread 0x000002041eaacd00 DEOPT PACKING pc=0x0000020431695128 sp=0x0000005d241fed30
Event: 2008.044 Thread 0x000002041eaacd00 DEOPT UNPACKING pc=0x0000020430723aa2 sp=0x0000005d241fecc8 mode 2
Event: 2008.115 Thread 0x000002041ea96410 DEOPT PACKING pc=0x000002042939437d sp=0x0000005d1fcfef90
Event: 2008.117 Thread 0x000002041ea96410 DEOPT UNPACKING pc=0x0000020430724242 sp=0x0000005d1fcfe440 mode 0
Event: 2008.136 Thread 0x000002041eaabfe0 DEOPT PACKING pc=0x000002042939437d sp=0x0000005d226fef00
Event: 2008.136 Thread 0x000002041eaabfe0 DEOPT UNPACKING pc=0x0000020430724242 sp=0x0000005d226fe3b0 mode 0
Event: 2016.966 Thread 0x000002041701bf30 Uncommon trap: trap_request=0xffffffbe fr.pc=0x0000020430eacf00 relative=0x0000000000000600
Event: 2016.966 Thread 0x000002041701bf30 Uncommon trap: reason=profile_predicate action=maybe_recompile pc=0x0000020430eacf00 method=java.io.ObjectInputStream.readArray(Z)Ljava/lang/Object; @ 390 c2
Event: 2016.966 Thread 0x000002041701bf30 DEOPT PACKING pc=0x0000020430eacf00 sp=0x0000005d1ccfe0a0
Event: 2016.970 Thread 0x000002041701bf30 DEOPT UNPACKING pc=0x0000020430723aa2 sp=0x0000005d1ccfe070 mode 2
Event: 2022.522 Thread 0x0000020405dc17c0 Uncommon trap: trap_request=0xffffff45 fr.pc=0x0000020431b56dc4 relative=0x00000000000002e4
Event: 2022.522 Thread 0x0000020405dc17c0 Uncommon trap: reason=unstable_if action=reinterpret pc=0x0000020431b56dc4 method=com.esotericsoftware.kryo.io.Input.require(I)I @ 180 c2
Event: 2022.522 Thread 0x0000020405dc17c0 DEOPT PACKING pc=0x0000020431b56dc4 sp=0x0000005d1c7fdff0
Event: 2022.522 Thread 0x0000020405dc17c0 DEOPT UNPACKING pc=0x0000020430723aa2 sp=0x0000005d1c7fde48 mode 2
Event: 2026.242 Thread 0x000002041b196800 DEOPT PACKING pc=0x0000020429eaf11f sp=0x0000005d240fed30
Event: 2026.243 Thread 0x000002041b196800 DEOPT UNPACKING pc=0x0000020430724242 sp=0x0000005d240fe248 mode 0

Classes loaded (20 events):
Event: 214.714 Loading class java/nio/channels/SelectionKey
Event: 214.714 Loading class java/nio/channels/SelectionKey done
Event: 214.714 Loading class java/nio/channels/spi/AbstractSelectionKey done
Event: 214.714 Loading class sun/nio/ch/SelectionKeyImpl done
Event: 214.715 Loading class java/lang/invoke/ConstantBootstraps
Event: 214.716 Loading class java/lang/invoke/ConstantBootstraps done
Event: 214.788 Loading class java/nio/channels/spi/AbstractSelector$1
Event: 214.789 Loading class java/nio/channels/spi/AbstractSelector$1 done
Event: 215.945 Loading class java/util/concurrent/Executors$AutoShutdownDelegatedExecutorService
Event: 215.946 Loading class java/util/concurrent/Executors$AutoShutdownDelegatedExecutorService done
Event: 419.735 Loading class java/net/DatagramPacket
Event: 419.736 Loading class java/net/DatagramPacket done
Event: 590.560 Loading class java/lang/UnsupportedClassVersionError
Event: 590.566 Loading class java/lang/UnsupportedClassVersionError done
Event: 590.912 Loading class java/util/concurrent/ConcurrentLinkedQueue$Itr
Event: 590.921 Loading class java/util/concurrent/ConcurrentLinkedQueue$Itr done
Event: 592.004 Loading class java/util/LinkedList$LLSpliterator
Event: 592.047 Loading class java/util/LinkedList$LLSpliterator done
Event: 1744.214 Loading class sun/net/ConnectionResetException
Event: 1744.231 Loading class sun/net/ConnectionResetException done

Classes unloaded (20 events):
Event: 1350.692 Thread 0x0000020425f134c0 Unloading class 0x000002043e8eb400 'java/lang/invoke/LambdaForm$MH+0x000002043e8eb400'
Event: 1350.692 Thread 0x0000020425f134c0 Unloading class 0x000002043e8eac00 'java/lang/invoke/LambdaForm$MH+0x000002043e8eac00'
Event: 1350.692 Thread 0x0000020425f134c0 Unloading class 0x000002043e8e7c00 'java/lang/invoke/LambdaForm$MH+0x000002043e8e7c00'
Event: 1350.692 Thread 0x0000020425f134c0 Unloading class 0x000002043e8e7400 'java/lang/invoke/LambdaForm$MH+0x000002043e8e7400'
Event: 1350.692 Thread 0x0000020425f134c0 Unloading class 0x000002043e8e6400 'java/lang/invoke/LambdaForm$MH+0x000002043e8e6400'
Event: 1350.693 Thread 0x0000020425f134c0 Unloading class 0x000002043e8e5c00 'java/lang/invoke/LambdaForm$MH+0x000002043e8e5c00'
Event: 1350.693 Thread 0x0000020425f134c0 Unloading class 0x000002043e8e5400 'java/lang/invoke/LambdaForm$MH+0x000002043e8e5400'
Event: 1350.693 Thread 0x0000020425f134c0 Unloading class 0x000002043e8e5000 'java/lang/invoke/LambdaForm$MH+0x000002043e8e5000'
Event: 1350.693 Thread 0x0000020425f134c0 Unloading class 0x000002043e8e4800 'java/lang/invoke/LambdaForm$MH+0x000002043e8e4800'
Event: 1350.693 Thread 0x0000020425f134c0 Unloading class 0x000002043e8e4000 'java/lang/invoke/LambdaForm$MH+0x000002043e8e4000'
Event: 1350.693 Thread 0x0000020425f134c0 Unloading class 0x000002043e8e3400 'java/lang/invoke/LambdaForm$MH+0x000002043e8e3400'
Event: 1350.693 Thread 0x0000020425f134c0 Unloading class 0x000002043e8e2c00 'java/lang/invoke/LambdaForm$MH+0x000002043e8e2c00'
Event: 1350.693 Thread 0x0000020425f134c0 Unloading class 0x000002043e8e2400 'java/lang/invoke/LambdaForm$DMH+0x000002043e8e2400'
Event: 1350.693 Thread 0x0000020425f134c0 Unloading class 0x000002043e8e0800 'java/lang/invoke/LambdaForm$MH+0x000002043e8e0800'
Event: 1350.693 Thread 0x0000020425f134c0 Unloading class 0x000002043e8e0400 'java/lang/invoke/LambdaForm$MH+0x000002043e8e0400'
Event: 1350.693 Thread 0x0000020425f134c0 Unloading class 0x000002043e8d4400 'java/lang/invoke/LambdaForm$MH+0x000002043e8d4400'
Event: 1350.693 Thread 0x0000020425f134c0 Unloading class 0x000002043e6b9000 'java/lang/invoke/LambdaForm$DMH+0x000002043e6b9000'
Event: 1350.693 Thread 0x0000020425f134c0 Unloading class 0x000002043e6b8c00 'java/lang/invoke/LambdaForm$DMH+0x000002043e6b8c00'
Event: 1350.693 Thread 0x0000020425f134c0 Unloading class 0x000002043e6b8800 'java/lang/invoke/LambdaForm$DMH+0x000002043e6b8800'
Event: 1350.693 Thread 0x0000020425f134c0 Unloading class 0x000002043e6b8000 'java/lang/invoke/LambdaForm$DMH+0x000002043e6b8000'

Classes redefined (0 events):
No events

Internal exceptions (20 events):
Event: 2026.588 Thread 0x000002041eaa9f10 Exception <a 'sun/nio/fs/WindowsException'{0x00000000d59b07e8}> (0x00000000d59b07e8) 
thrown [s\src\hotspot\share\prims\jni.cpp, line 520]
Event: 2026.590 Thread 0x000002041eaa9f10 Exception <a 'sun/nio/fs/WindowsException'{0x00000000d59b54d0}> (0x00000000d59b54d0) 
thrown [s\src\hotspot\share\prims\jni.cpp, line 520]
Event: 2026.590 Thread 0x000002041eaa9f10 Exception <a 'sun/nio/fs/WindowsException'{0x00000000d59b9658}> (0x00000000d59b9658) 
thrown [s\src\hotspot\share\prims\jni.cpp, line 520]
Event: 2026.593 Thread 0x000002041eaa9f10 Exception <a 'sun/nio/fs/WindowsException'{0x00000000d59be5c0}> (0x00000000d59be5c0) 
thrown [s\src\hotspot\share\prims\jni.cpp, line 520]
Event: 2026.600 Thread 0x000002041eaa9f10 Exception <a 'sun/nio/fs/WindowsException'{0x00000000d59cf268}> (0x00000000d59cf268) 
thrown [s\src\hotspot\share\prims\jni.cpp, line 520]
Event: 2026.601 Thread 0x000002041eaa9f10 Exception <a 'sun/nio/fs/WindowsException'{0x00000000d59d56e8}> (0x00000000d59d56e8) 
thrown [s\src\hotspot\share\prims\jni.cpp, line 520]
Event: 2026.652 Thread 0x000002041eaa56e0 Exception <a 'sun/nio/fs/WindowsException'{0x00000000d564fef8}> (0x00000000d564fef8) 
thrown [s\src\hotspot\share\prims\jni.cpp, line 520]
Event: 2026.652 Thread 0x000002041eaa56e0 Exception <a 'sun/nio/fs/WindowsException'{0x00000000d5650400}> (0x00000000d5650400) 
thrown [s\src\hotspot\share\prims\jni.cpp, line 520]
Event: 2026.653 Thread 0x000002041eaa56e0 Exception <a 'sun/nio/fs/WindowsException'{0x00000000d56818d8}> (0x00000000d56818d8) 
thrown [s\src\hotspot\share\prims\jni.cpp, line 520]
Event: 2026.653 Thread 0x000002041eaa56e0 Exception <a 'sun/nio/fs/WindowsException'{0x00000000d5681dc0}> (0x00000000d5681dc0) 
thrown [s\src\hotspot\share\prims\jni.cpp, line 520]
Event: 2026.654 Thread 0x000002041eaa56e0 Exception <a 'sun/nio/fs/WindowsException'{0x00000000d56830a0}> (0x00000000d56830a0) 
thrown [s\src\hotspot\share\prims\jni.cpp, line 520]
Event: 2026.654 Thread 0x000002041eaa56e0 Exception <a 'sun/nio/fs/WindowsException'{0x00000000d5683588}> (0x00000000d5683588) 
thrown [s\src\hotspot\share\prims\jni.cpp, line 520]
Event: 2026.664 Thread 0x000002041eaa56e0 Exception <a 'sun/nio/fs/WindowsException'{0x00000000d5721b38}> (0x00000000d5721b38) 
thrown [s\src\hotspot\share\prims\jni.cpp, line 520]
Event: 2026.664 Thread 0x000002041eaa56e0 Exception <a 'sun/nio/fs/WindowsException'{0x00000000d5722020}> (0x00000000d5722020) 
thrown [s\src\hotspot\share\prims\jni.cpp, line 520]
Event: 2026.664 Thread 0x000002041eaa56e0 Exception <a 'sun/nio/fs/WindowsException'{0x00000000d5722910}> (0x00000000d5722910) 
thrown [s\src\hotspot\share\prims\jni.cpp, line 520]
Event: 2026.664 Thread 0x000002041eaa56e0 Exception <a 'sun/nio/fs/WindowsException'{0x00000000d5722df8}> (0x00000000d5722df8) 
thrown [s\src\hotspot\share\prims\jni.cpp, line 520]
Event: 2026.665 Thread 0x000002041eaa56e0 Exception <a 'sun/nio/fs/WindowsException'{0x00000000d57240f8}> (0x00000000d57240f8) 
thrown [s\src\hotspot\share\prims\jni.cpp, line 520]
Event: 2026.665 Thread 0x000002041eaa56e0 Exception <a 'sun/nio/fs/WindowsException'{0x00000000d57252c8}> (0x00000000d57252c8) 
thrown [s\src\hotspot\share\prims\jni.cpp, line 520]
Event: 2026.671 Thread 0x000002041eaa56e0 Exception <a 'sun/nio/fs/WindowsException'{0x00000000d5742378}> (0x00000000d5742378) 
thrown [s\src\hotspot\share\prims\jni.cpp, line 520]
Event: 2026.671 Thread 0x000002041eaa56e0 Exception <a 'sun/nio/fs/WindowsException'{0x00000000d5742860}> (0x00000000d5742860) 
thrown [s\src\hotspot\share\prims\jni.cpp, line 520]

ZGC Phase Switch (0 events):
No events

VM Operations (20 events):
Event: 2023.152 Executing safepoint VM operation: ParallelGCFailedAllocation (Allocation Failure) done
Event: 2023.785 Executing safepoint VM operation: ParallelGCFailedAllocation (Allocation Failure)
Event: 2023.789 Executing safepoint VM operation: ParallelGCFailedAllocation (Allocation Failure) done
Event: 2024.950 Executing safepoint VM operation: ParallelGCFailedAllocation (Allocation Failure)
Event: 2024.960 Executing safepoint VM operation: ParallelGCFailedAllocation (Allocation Failure) done
Event: 2025.632 Executing safepoint VM operation: ParallelGCFailedAllocation (Allocation Failure)
Event: 2025.635 Executing safepoint VM operation: ParallelGCFailedAllocation (Allocation Failure) done
Event: 2026.146 Executing safepoint VM operation: ParallelGCFailedAllocation (Allocation Failure)
Event: 2026.150 Executing safepoint VM operation: ParallelGCFailedAllocation (Allocation Failure) done
Event: 2026.361 Executing safepoint VM operation: ParallelGCFailedAllocation (Allocation Failure)
Event: 2026.377 Executing safepoint VM operation: ParallelGCFailedAllocation (Allocation Failure) done
Event: 2026.633 Executing safepoint VM operation: ParallelGCFailedAllocation (Allocation Failure)
Event: 2026.639 Executing safepoint VM operation: ParallelGCFailedAllocation (Allocation Failure) done
Event: 2026.765 Executing safepoint VM operation: ParallelGCFailedAllocation (Allocation Failure)
Event: 2026.810 Executing safepoint VM operation: ParallelGCFailedAllocation (Allocation Failure) done
Event: 2026.907 Executing safepoint VM operation: ParallelGCFailedAllocation (Allocation Failure)
Event: 2026.925 Executing safepoint VM operation: ParallelGCFailedAllocation (Allocation Failure) done
Event: 2027.570 Executing safepoint VM operation: ParallelGCFailedAllocation (Allocation Failure)
Event: 2027.585 Executing safepoint VM operation: ParallelGCFailedAllocation (Allocation Failure) done
Event: 2028.586 Executing safepoint VM operation: Cleanup

Memory protections (0 events):
No events

Nmethod flushes (20 events):
Event: 1352.932 Thread 0x0000020425f134c0 flushing  nmethod 0x000002042a3aca10
Event: 1352.933 Thread 0x0000020425f134c0 flushing  nmethod 0x000002042a3ad010
Event: 1352.933 Thread 0x0000020425f134c0 flushing  nmethod 0x000002042a3b1510
Event: 1352.933 Thread 0x0000020425f134c0 flushing  nmethod 0x000002042a3ba290
Event: 1352.933 Thread 0x0000020425f134c0 flushing  nmethod 0x000002042a3bd190
Event: 1352.933 Thread 0x0000020425f134c0 flushing  nmethod 0x000002042a3bde10
Event: 1352.933 Thread 0x0000020425f134c0 flushing  nmethod 0x000002042a3bf010
Event: 1352.933 Thread 0x0000020425f134c0 flushing  nmethod 0x000002042a3fe990
Event: 1352.933 Thread 0x0000020425f134c0 flushing  nmethod 0x000002042a418210
Event: 1352.934 Thread 0x0000020425f134c0 flushing  nmethod 0x000002042a418610
Event: 1352.934 Thread 0x0000020425f134c0 flushing  nmethod 0x000002042a41a510
Event: 1352.935 Thread 0x0000020425f134c0 flushing  nmethod 0x000002042a41e210
Event: 1352.935 Thread 0x0000020425f134c0 flushing  nmethod 0x000002042a42ea10
Event: 1352.936 Thread 0x0000020425f134c0 flushing  nmethod 0x000002042a44e410
Event: 1352.936 Thread 0x0000020425f134c0 flushing  nmethod 0x000002042a44ee90
Event: 1352.936 Thread 0x0000020425f134c0 flushing  nmethod 0x000002042a450710
Event: 1352.936 Thread 0x0000020425f134c0 flushing  nmethod 0x000002042a451990
Event: 1352.936 Thread 0x0000020425f134c0 flushing  nmethod 0x000002042a45dc10
Event: 1352.936 Thread 0x0000020425f134c0 flushing osr nmethod 0x000002042a4d9a90
Event: 1352.937 Thread 0x0000020425f134c0 flushing  nmethod 0x000002042a53eb10

Events (20 events):
Event: 2024.185 Thread 0x000002041eaa9f10 Thread added: 0x000002041b1a3370
Event: 2024.213 Thread 0x000002041b1a3370 Thread exited: 0x000002041b1a3370
Event: 2024.248 Thread 0x000002041b19b030 Thread exited: 0x000002041b19b030
Event: 2026.352 Thread 0x000002041b196800 Thread exited: 0x000002041b196800
Event: 2026.352 Thread 0x000002041b19a310 Thread exited: 0x000002041b19a310
Event: 2026.353 Thread 0x000002041b196170 Thread exited: 0x000002041b196170
Event: 2026.364 Thread 0x000002041eaabfe0 Thread added: 0x000002041b196170
Event: 2026.377 Thread 0x000002041eaabfe0 Thread exited: 0x000002041eaabfe0
Event: 2026.378 Thread 0x000002041b196170 Thread exited: 0x000002041b196170
Event: 2026.601 Thread 0x000002041b1988d0 Thread exited: 0x000002041b1988d0
Event: 2026.606 Thread 0x000002041eaa9f10 Thread added: 0x000002041b196170
Event: 2026.606 Thread 0x000002041eaa9f10 Thread exited: 0x000002041eaa9f10
Event: 2026.622 Thread 0x000002041b196170 Thread added: 0x000002041b1988d0
Event: 2026.623 Thread 0x000002041b1988d0 Thread exited: 0x000002041b1988d0
Event: 2026.647 Thread 0x000002041eaa56e0 Thread added: 0x000002041b1988d0
Event: 2026.811 Thread 0x000002041b1988d0 Thread added: 0x000002041b196800
Event: 2026.880 Thread 0x000002041b1988d0 Thread exited: 0x000002041b1988d0
Event: 2026.925 Thread 0x000002041b196800 Thread exited: 0x000002041b196800
Event: 2027.259 Thread 0x0000020404040da0 Thread added: 0x000002041b1988d0
Event: 2027.379 Thread 0x000002041b1988d0 Thread exited: 0x000002041b1988d0


Dynamic libraries:
0x00007ff6c1940000 - 0x00007ff6c194e000 	c:\Users\hp\.vscode\extensions\redhat.java-1.56.0-win32-x64\jre\21.0.12.1-win32-x86_64\bin\java.exe
0x00007ff8b55a0000 - 0x00007ff8b5806000 	C:\WINDOWS\SYSTEM32\ntdll.dll
0x00007ff8b5010000 - 0x00007ff8b50d9000 	C:\WINDOWS\System32\KERNEL32.DLL
0x00007ff8b2a60000 - 0x00007ff8b2e5e000 	C:\WINDOWS\System32\KERNELBASE.dll
0x00007ff8abe00000 - 0x00007ff8abea0000 	C:\WINDOWS\SYSTEM32\apphelp.dll
0x00007ff8b2ff0000 - 0x00007ff8b313c000 	C:\WINDOWS\System32\ucrtbase.dll
0x00007ff83edb0000 - 0x00007ff83edc8000 	c:\Users\hp\.vscode\extensions\redhat.java-1.56.0-win32-x64\jre\21.0.12.1-win32-x86_64\bin\jli.dll
0x00007ff83edd0000 - 0x00007ff83edee000 	c:\Users\hp\.vscode\extensions\redhat.java-1.56.0-win32-x64\jre\21.0.12.1-win32-x86_64\bin\VCRUNTIME140.dll
0x00007ff8b3810000 - 0x00007ff8b39d7000 	C:\WINDOWS\System32\USER32.dll
0x00007ff8b2980000 - 0x00007ff8b29a7000 	C:\WINDOWS\System32\win32u.dll
0x00007ff89a260000 - 0x00007ff89a4f2000 	C:\WINDOWS\WinSxS\amd64_microsoft.windows.common-controls_6595b64144ccf1df_6.0.26100.8894_none_3e0f749ee32e02ea\COMCTL32.dll
0x00007ff8b3a60000 - 0x00007ff8b3a8b000 	C:\WINDOWS\System32\GDI32.dll
0x00007ff8b50e0000 - 0x00007ff8b5189000 	C:\WINDOWS\System32\msvcrt.dll
0x00007ff8b2850000 - 0x00007ff8b297a000 	C:\WINDOWS\System32\gdi32full.dll
0x00007ff8b29b0000 - 0x00007ff8b2a53000 	C:\WINDOWS\System32\msvcp_win.dll
0x00007ff8b3440000 - 0x00007ff8b3472000 	C:\WINDOWS\System32\IMM32.DLL
0x00007ff8a7ab0000 - 0x00007ff8a7abc000 	c:\Users\hp\.vscode\extensions\redhat.java-1.56.0-win32-x64\jre\21.0.12.1-win32-x86_64\bin\vcruntime140_1.dll
0x00007ff8382e0000 - 0x00007ff83836d000 	c:\Users\hp\.vscode\extensions\redhat.java-1.56.0-win32-x64\jre\21.0.12.1-win32-x86_64\bin\msvcp140.dll
0x00007fffcb270000 - 0x00007fffcc012000 	c:\Users\hp\.vscode\extensions\redhat.java-1.56.0-win32-x64\jre\21.0.12.1-win32-x86_64\bin\server\jvm.dll
0x00007ff8b3d50000 - 0x00007ff8b3e07000 	C:\WINDOWS\System32\ADVAPI32.dll
0x00007ff8b5480000 - 0x00007ff8b552a000 	C:\WINDOWS\System32\sechost.dll
0x00007ff8b3320000 - 0x00007ff8b3438000 	C:\WINDOWS\System32\RPCRT4.dll
0x00007ff8b4480000 - 0x00007ff8b4500000 	C:\WINDOWS\System32\WS2_32.dll
0x00007ff8b2620000 - 0x00007ff8b267e000 	C:\WINDOWS\SYSTEM32\POWRPROF.dll
0x00007ff899fc0000 - 0x00007ff899ff6000 	C:\WINDOWS\SYSTEM32\WINMM.dll
0x00007ff8a8420000 - 0x00007ff8a842b000 	C:\WINDOWS\SYSTEM32\VERSION.dll
0x00007ff8b2600000 - 0x00007ff8b2614000 	C:\WINDOWS\SYSTEM32\UMPDC.dll
0x00007ff8b1460000 - 0x00007ff8b147b000 	C:\WINDOWS\SYSTEM32\kernel.appcore.dll
0x00007ff892580000 - 0x00007ff89258a000 	c:\Users\hp\.vscode\extensions\redhat.java-1.56.0-win32-x64\jre\21.0.12.1-win32-x86_64\bin\jimage.dll
0x00007ff8afd90000 - 0x00007ff8affd2000 	C:\WINDOWS\SYSTEM32\DBGHELP.DLL
0x00007ff8b3480000 - 0x00007ff8b3803000 	C:\WINDOWS\System32\combase.dll
0x00007ff8b3e10000 - 0x00007ff8b3ee9000 	C:\WINDOWS\System32\OLEAUT32.dll
0x00007ff897de0000 - 0x00007ff897e1b000 	C:\WINDOWS\SYSTEM32\dbgcore.DLL
0x00007ff8b2e70000 - 0x00007ff8b2f1c000 	C:\WINDOWS\System32\bcryptPrimitives.dll
0x00007ff86e200000 - 0x00007ff86e20f000 	c:\Users\hp\.vscode\extensions\redhat.java-1.56.0-win32-x64\jre\21.0.12.1-win32-x86_64\bin\instrument.dll
0x00007ff83eaa0000 - 0x00007ff83eac0000 	c:\Users\hp\.vscode\extensions\redhat.java-1.56.0-win32-x64\jre\21.0.12.1-win32-x86_64\bin\java.dll
0x00007ff8b4870000 - 0x00007ff8b5002000 	C:\WINDOWS\System32\SHELL32.dll
0x00007ff8b0240000 - 0x00007ff8b0ad2000 	C:\WINDOWS\SYSTEM32\windows.storage.dll
0x00007ff8b3ef0000 - 0x00007ff8b3fe7000 	C:\WINDOWS\System32\SHCORE.dll
0x00007ff8b39e0000 - 0x00007ff8b3a47000 	C:\WINDOWS\System32\shlwapi.dll
0x00007ff8b26e0000 - 0x00007ff8b2709000 	C:\WINDOWS\SYSTEM32\profapi.dll
0x00007ff83e940000 - 0x00007ff83e958000 	c:\Users\hp\.vscode\extensions\redhat.java-1.56.0-win32-x64\jre\21.0.12.1-win32-x86_64\bin\zip.dll
0x00007ff875400000 - 0x00007ff875410000 	C:\Users\hp\.vscode\extensions\redhat.java-1.56.0-win32-x64\jre\21.0.12.1-win32-x86_64\bin\net.dll
0x00007ff8a6e60000 - 0x00007ff8a6f87000 	C:\WINDOWS\SYSTEM32\WINHTTP.dll
0x00007ff8b19f0000 - 0x00007ff8b1a5c000 	C:\WINDOWS\system32\mswsock.dll
0x00007ff83bdb0000 - 0x00007ff83bdc6000 	C:\Users\hp\.vscode\extensions\redhat.java-1.56.0-win32-x64\jre\21.0.12.1-win32-x86_64\bin\nio.dll
0x00007ff86e100000 - 0x00007ff86e110000 	c:\Users\hp\.vscode\extensions\redhat.java-1.56.0-win32-x64\jre\21.0.12.1-win32-x86_64\bin\verify.dll
0x00007ff838740000 - 0x00007ff838785000 	C:\Users\hp\AppData\Roaming\Code\User\globalStorage\redhat.java\1.56.0\config_win\org.eclipse.equinox.launcher\org.eclipse.equinox.launcher.win32.win32.x86_64_1.3.100.v20260804-1928\eclipse_11924.dll
0x00007ff8b5220000 - 0x00007ff8b53b9000 	C:\WINDOWS\System32\ole32.dll
0x00007ff8b1e20000 - 0x00007ff8b1e3b000 	C:\WINDOWS\SYSTEM32\CRYPTSP.dll
0x00007ff8b13c0000 - 0x00007ff8b13f9000 	C:\WINDOWS\system32\rsaenh.dll
0x00007ff8b1ab0000 - 0x00007ff8b1ae2000 	C:\WINDOWS\SYSTEM32\USERENV.dll
0x00007ff8b26b0000 - 0x00007ff8b26da000 	C:\WINDOWS\SYSTEM32\bcrypt.dll
0x00007ff8b1c60000 - 0x00007ff8b1c6c000 	C:\WINDOWS\SYSTEM32\CRYPTBASE.dll
0x00007ff8b0e10000 - 0x00007ff8b0e43000 	C:\WINDOWS\SYSTEM32\IPHLPAPI.DLL
0x00007ff8b3a50000 - 0x00007ff8b3a5a000 	C:\WINDOWS\System32\NSI.dll
0x00007ff82f460000 - 0x00007ff82f4a9000 	C:\Users\hp\AppData\Local\Temp\jna-109436030\jna14265253635977009519.dll
0x00007ff8b4510000 - 0x00007ff8b4518000 	C:\WINDOWS\System32\PSAPI.DLL
0x00007ff8a3470000 - 0x00007ff8a348d000 	C:\WINDOWS\SYSTEM32\dhcpcsvc6.DLL
0x00007ff8a3440000 - 0x00007ff8a3465000 	C:\WINDOWS\SYSTEM32\dhcpcsvc.DLL
0x00007ff898bd0000 - 0x00007ff898bde000 	C:\Users\hp\.vscode\extensions\redhat.java-1.56.0-win32-x64\jre\21.0.12.1-win32-x86_64\bin\sunmscapi.dll
0x00007ff8b3150000 - 0x00007ff8b32c8000 	C:\WINDOWS\System32\CRYPT32.dll
0x00007ff8b1f90000 - 0x00007ff8b1fc0000 	C:\WINDOWS\SYSTEM32\ncrypt.dll
0x00007ff8b1f40000 - 0x00007ff8b1f7f000 	C:\WINDOWS\SYSTEM32\NTASN1.dll
0x00007ff8b0f00000 - 0x00007ff8b1056000 	C:\WINDOWS\SYSTEM32\DNSAPI.dll
0x00007ff8b17f0000 - 0x00007ff8b17fd000 	C:\WINDOWS\SYSTEM32\DSPARSE.dll
0x00007ff8a3250000 - 0x00007ff8a325b000 	C:\Windows\System32\rasadhlp.dll
0x00007ff8a0130000 - 0x00007ff8a01b6000 	C:\WINDOWS\System32\fwpuclnt.dll
0x00007ff84d990000 - 0x00007ff84d999000 	C:\Users\hp\.vscode\extensions\redhat.java-1.56.0-win32-x64\jre\21.0.12.1-win32-x86_64\bin\extnet.dll
0x00007ff8252d0000 - 0x00007ff8252f7000 	C:\Users\hp\.gradle\native\1def1411415f61bf3af743bc5b6707747c0891f09f0c88961ee8f79bc544acac\windows-amd64\native-platform.dll
0x00007ff897010000 - 0x00007ff89701a000 	C:\Users\hp\.vscode\extensions\redhat.java-1.56.0-win32-x64\jre\21.0.12.1-win32-x86_64\bin\management.dll
0x00007ff897000000 - 0x00007ff89700c000 	C:\Users\hp\.vscode\extensions\redhat.java-1.56.0-win32-x64\jre\21.0.12.1-win32-x86_64\bin\management_ext.dll
0x00007ff892d70000 - 0x00007ff892d78000 	C:\WINDOWS\system32\wshunix.dll

JVMTI agents:
c:\Users\hp\.vscode\extensions\redhat.java-1.56.0-win32-x64\lombok\lombok-1.18.39-4050.jar path:c:\Users\hp\.vscode\extensions\redhat.java-1.56.0-win32-x64\jre\21.0.12.1-win32-x86_64\bin\instrument.dll, loaded, initialized, instrumentlib options:none

dbghelp: loaded successfully - version: 4.0.5 - missing functions: none
symbol engine: initialized successfully - sym options: 0x614 - pdb path: .;c:\Users\hp\.vscode\extensions\redhat.java-1.56.0-win32-x64\jre\21.0.12.1-win32-x86_64\bin;C:\WINDOWS\SYSTEM32;C:\WINDOWS\WinSxS\amd64_microsoft.windows.common-controls_6595b64144ccf1df_6.0.26100.8894_none_3e0f749ee32e02ea;c:\Users\hp\.vscode\extensions\redhat.java-1.56.0-win32-x64\jre\21.0.12.1-win32-x86_64\bin\server;C:\Users\hp\AppData\Roaming\Code\User\globalStorage\redhat.java\1.56.0\config_win\org.eclipse.equinox.launcher\org.eclipse.equinox.launcher.win32.win32.x86_64_1.3.100.v20260804-1928;C:\Users\hp\AppData\Local\Temp\jna-109436030;C:\Users\hp\.gradle\native\1def1411415f61bf3af743bc5b6707747c0891f09f0c88961ee8f79bc544acac\windows-amd64

VM Arguments:
jvm_args: --add-modules=ALL-SYSTEM --add-opens=java.base/java.util=ALL-UNNAMED --add-opens=java.base/java.lang=ALL-UNNAMED --add-opens=java.base/sun.nio.fs=ALL-UNNAMED -Declipse.application=org.eclipse.jdt.ls.core.id1 -Dosgi.bundles.defaultStartLevel=4 -Declipse.product=org.eclipse.jdt.ls.core.product -Djava.import.generatesMetadataFilesAtProjectRoot=false -Dm2e.project.cache.size=50 -DDetectVMInstallationsJob.disabled=true -Dfile.encoding=utf8 -XX:+UseParallelGC -XX:GCTimeRatio=4 -XX:AdaptiveSizePolicyWeight=90 -Dsun.zip.disableMemoryMapping=true -Xmx2G -Xms100m -Xlog:disable -javaagent:c:\Users\hp\.vscode\extensions\redhat.java-1.56.0-win32-x64\lombok\lombok-1.18.39-4050.jar -XX:+HeapDumpOnOutOfMemoryError -XX:HeapDumpPath=c:\Users\hp\AppData\Roaming\Code\User\workspaceStorage\21dcb944d3f7ca04e97eec63120bd887\redhat.java -Daether.dependencyCollector.impl=bf 
java_command: c:\Users\hp\.vscode\extensions\redhat.java-1.56.0-win32-x64\server\plugins\org.eclipse.equinox.launcher_1.8.0.v20260804-1928.jar -configuration c:\Users\hp\AppData\Roaming\Code\User\globalStorage\redhat.java\1.56.0\config_win -data c:\Users\hp\AppData\Roaming\Code\User\workspaceStorage\21dcb944d3f7ca04e97eec63120bd887\redhat.java\jdt_ws --stdio
java_class_path (initial): c:\Users\hp\.vscode\extensions\redhat.java-1.56.0-win32-x64\server\plugins\org.eclipse.equinox.launcher_1.8.0.v20260804-1928.jar
Launcher Type: SUN_STANDARD

[Global flags]
    uintx AdaptiveSizePolicyWeight                 = 90                                        {product} {command line}
     intx CICompilerCount                          = 4                                         {product} {ergonomic}
    uintx GCTimeRatio                              = 4                                         {product} {command line}
     bool HeapDumpOnOutOfMemoryError               = true                                   {manageable} {command line}
    ccstr HeapDumpPath                             = c:\Users\hp\AppData\Roaming\Code\User\workspaceStorage\21dcb944d3f7ca04e97eec63120bd887\redhat.java         {manageable} {command line}
   size_t InitialHeapSize                          = 104857600                                 {product} {command line}
   size_t MaxHeapSize                              = 2147483648                                {product} {command line}
   size_t MaxNewSize                               = 715653120                                 {product} {ergonomic}
   size_t MinHeapDeltaBytes                        = 524288                                    {product} {ergonomic}
   size_t MinHeapSize                              = 104857600                                 {product} {command line}
   size_t NewSize                                  = 34603008                                  {product} {ergonomic}
    uintx NonNMethodCodeHeapSize                   = 5839372                                {pd product} {ergonomic}
    uintx NonProfiledCodeHeapSize                  = 122909434                              {pd product} {ergonomic}
   size_t OldSize                                  = 70254592                                  {product} {ergonomic}
    uintx ProfiledCodeHeapSize                     = 122909434                              {pd product} {ergonomic}
    uintx ReservedCodeCacheSize                    = 251658240                              {pd product} {ergonomic}
     bool SegmentedCodeCache                       = true                                      {product} {ergonomic}
   size_t SoftMaxHeapSize                          = 2147483648                             {manageable} {ergonomic}
     bool UseCompressedOops                        = true                           {product lp64_product} {ergonomic}
     bool UseLargePagesIndividualAllocation        = false                                  {pd product} {ergonomic}
     bool UseParallelGC                            = true                                      {product} {command line}

Logging:
Log output configuration:
 #0: stdout all=off uptime,level,tags foldmultilines=false
 #1: stderr all=off uptime,level,tags foldmultilines=false

Release file:
JAVA_VERSION="21.0.12.1" 
MODULES="java.base java.compiler java.datatransfer java.xml java.prefs java.desktop java.instrument java.logging java.management java.security.sasl java.naming java.rmi java.management.rmi java.net.http java.scripting java.security.jgss java.transaction.xa java.sql java.sql.rowset java.xml.crypto java.se java.smartcardio jdk.accessibility jdk.internal.jvmstat jdk.attach jdk.charsets jdk.internal.opt jdk.zipfs jdk.compiler jdk.crypto.ec jdk.crypto.cryptoki jdk.crypto.mscapi jdk.dynalink jdk.internal.ed jdk.editpad jdk.hotspot.agent jdk.httpserver jdk.internal.le jdk.internal.vm.ci jdk.internal.vm.compiler jdk.internal.vm.compiler.management jdk.jartool jdk.javadoc jdk.jcmd jdk.management jdk.management.agent jdk.jconsole jdk.jdeps jdk.jdwp.agent jdk.jdi jdk.jfr jdk.jshell jdk.jsobject jdk.jstatd jdk.localedata jdk.management.jfr jdk.naming.dns jdk.naming.rmi jdk.net jdk.nio.mapmode jdk.random jdk.sctp jdk.security.auth jdk.security.jgss jdk.unsupported jdk.unsupported.desktop jdk.xml.dom" 

Environment Variables:
JAVA_HOME=C:\Program Files\Eclipse Adoptium\jdk-17.0.17.10-hotspot\
PATH=C:\Program Files\Eclipse Adoptium\jdk-17.0.17.10-hotspot\bin;C:\Program Files\Common Files\Oracle\Java\javapath;D:\Oracle_21c\WINDOWS.X64_213000_db_home\bin;C:\Python313\Scripts\;C:\Python313\;C:\Program Files (x86)\VMware\VMware Workstation\bin\;C:\WINDOWS\system32;C:\WINDOWS;C:\WINDOWS\System32\Wbem;C:\WINDOWS\System32\WindowsPowerShell\v1.0\;C:\WINDOWS\System32\OpenSSH\;C:\Program Files (x86)\Microsoft SQL Server\160\Tools\Binn\;C:\Program Files\Microsoft SQL Server\160\Tools\Binn\;C:\Program Files\Microsoft SQL Server\Client SDK\ODBC\170\Tools\Binn\;C:\Program Files\Microsoft SQL Server\160\DTS\Binn\;D:\Git\cmd;C:\ProgramData\ComposerSetup\bin;D:\xampp\php\;D:\xampp\php;C:\ProgramData\chocolatey\bin;C:\Program Files\nodejs\;D:\7-Zip\;C:\Program Files\nodejs;C:\Program Files\Docker\Docker\resources\bin;D:\Gpg4win\..\GnuPG\bin;D:\cursor\resources\app\bin;D:\apache-maven\apache-maven-3.9.12\bin;D:\flutter\bin;C:\Users\hp\AppData\Local\Android\Sdk\platform-tools;C:\Program Files (x86)\GnuWin32\bin;D:\msys64\ucrt64\bin;D:\Dev-Cpp\TDM-GCC-64\bin;D:\Qoder\bin;C:\Program Files (x86)\Microsoft SQL Server\170\Tools\Binn\;C:\Program Files\Microsoft SQL Server\170\Tools\Binn\;C:\Program Files\Microsoft SQL Server\Client SDK\ODBC\180\Tools\Binn\;C:\Program Files\Microsoft SQL Server\170\DTS\Binn\;C:\Users\hp\AppData\Local\Programs\Python\Python38\Scripts\;C:\Users\hp\AppData\Local\Programs\Python\Python38\;C:\Users\hp\AppData\Local\Programs\Python\Python310\Scripts\;C:\Users\hp\AppData\Local\Programs\Python\Python310\;C:\Users\hp\AppData\Local\Programs\Python\Launcher\;C:\Users\hp\AppData\Local\Microsoft\WindowsApps;D:\Microsoft VS Code\bin;D:\Git\bin;D:\Git\cmd;C:\Users\hp\AppData\Local\Packages\PythonSoftwareFoundation.Python.3.11_qbz5n2kfra8p0\LocalCache\local-packages\Python311\Scripts;D:\xampp\php;D:\xampp\mysql\bin;D:\OpenSSL-Win64\bin;C:\Users\hp\AppData\Roaming\Composer\vendor\bin;C:\Users\hp\AppData\Roaming\npm;;C:\Users\hp\AppData\Local\Programs\Ollama;D:\Windsurf\bin
USERNAME=siham
OS=Windows_NT
PROCESSOR_IDENTIFIER=Intel64 Family 6 Model 142 Stepping 10, GenuineIntel
TMP=C:\Users\hp\AppData\Local\Temp
TEMP=C:\Users\hp\AppData\Local\Temp




Periodic native trim disabled

---------------  S Y S T E M  ---------------

OS:
 Windows 11 , 64 bit Build 26100 (10.0.26100.8875)
OS uptime: 4 days 2:47 hours
Hyper-V role detected

CPU: total 8 (initial active 8) (4 cores per cpu, 2 threads per core) family 6 model 142 stepping 10 microcode 0xf6, cx8, cmov, fxsr, ht, mmx, 3dnowpref, sse, sse2, sse3, ssse3, sse4.1, sse4.2, popcnt, lzcnt, tsc, tscinvbit, avx, avx2, aes, erms, clmul, bmi1, bmi2, rtm, adx, fma, vzeroupper, clflush, clflushopt, hv, rdtscp, f16c
Processor Information for the first 8 processors :
  Max Mhz: 1896, Current Mhz: 1696, Mhz Limit: 1687

Memory: 4k page, system-wide physical 16227M (278M free)
TotalPageFile size 46545M (AvailPageFile size 5M)
current process WorkingSet (physical memory assigned to process): 282M, peak: 930M
current process commit charge ("private bytes"): 1564M, peak: 1565M

vm_info: OpenJDK 64-Bit Server VM (21.0.12.1+1-LTS) for windows-amd64 JRE (21.0.12.1+1-LTS), built on 2026-08-18T00:00:00Z by "admin" with MS VC++ 17.12 (VS2022)

END.
